"Index","Entry Date","Entry Time","Exit Date","Exit Time","Type","Strike","B/S","Qty","Entry Price","Exit Price","Vix","P/L"
"1","2019-02-14"," 9:17:00 AM","2019-02-14"," 2:07:00 PM","","","","","","","14.87","-251.25"
"1.1","2019-02-14"," 9:17:00 AM","2019-02-14"," 9:19:00 AM","CE","10800","Buy","25","16.75","13.40","","-83.75"
"1.2","2019-02-14"," 9:17:00 AM","2019-02-14"," 2:07:00 PM","PE","10800","Buy","25","33.55","26.85","","-167.50"
"2","2019-02-21"," 9:17:00 AM","2019-02-21"," 9:50:00 AM","","","","","","","16.83","-262.50"
"2.1","2019-02-21"," 9:17:00 AM","2019-02-21"," 9:50:00 AM","CE","10750","Buy","25","18.80","15.05","","-93.75"
"2.2","2019-02-21"," 9:17:00 AM","2019-02-21"," 9:23:00 AM","PE","10750","Buy","25","33.80","27.05","","-168.75"
"3","2019-02-28"," 9:17:00 AM","2019-02-28"," 10:47:00 AM","","","","","","","18.00","-345.00"
"3.1","2019-02-28"," 9:17:00 AM","2019-02-28"," 9:23:00 AM","CE","10850","Buy","25","31.70","25.35","","-158.75"
"3.2","2019-02-28"," 9:17:00 AM","2019-02-28"," 10:47:00 AM","PE","10850","Buy","25","37.30","29.85","","-186.25"
"4","2019-03-07"," 9:17:00 AM","2019-03-07"," 9:29:00 AM","","","","","","","15.32","-226.25"
"4.1","2019-03-07"," 9:17:00 AM","2019-03-07"," 9:24:00 AM","CE","11050","Buy","25","18.00","14.40","","-90.00"
"4.2","2019-03-07"," 9:17:00 AM","2019-03-07"," 9:29:00 AM","PE","11050","Buy","25","27.15","21.70","","-136.25"
"5","2019-03-14"," 9:17:00 AM","2019-03-14"," 10:11:00 AM","","","","","","","15.36","-213.75"
"5.1","2019-03-14"," 9:17:00 AM","2019-03-14"," 10:11:00 AM","CE","11350","Buy","25","24.25","19.40","","-121.25"
"5.2","2019-03-14"," 9:17:00 AM","2019-03-14"," 9:22:00 AM","PE","11350","Buy","25","18.60","14.90","","-92.50"
"6","2019-03-20"," 9:17:00 AM","2019-03-20"," 9:46:00 AM","","","","","","","16.24","-220.00"
"6.1","2019-03-20"," 9:17:00 AM","2019-03-20"," 9:21:00 AM","CE","11550","Buy","25","14.70","11.75","","-73.75"
"6.2","2019-03-20"," 9:17:00 AM","2019-03-20"," 9:46:00 AM","PE","11550","Buy","25","29.30","23.45","","-146.25"
"7","2019-03-28"," 9:17:00 AM","2019-03-28"," 3:15:00 PM","","","","","","","17.10","2107.50"
"7.1","2019-03-28"," 9:17:00 AM","2019-03-28"," 3:15:00 PM","CE","11450","Buy","25","23.80","113.05","","2231.25"
"7.2","2019-03-28"," 9:17:00 AM","2019-03-28"," 9:19:00 AM","PE","11450","Buy","25","24.80","19.85","","-123.75"
"8","2019-04-04"," 9:17:00 AM","2019-04-04"," 12:20:00 PM","","","","","","","19.09","-286.25"
"8.1","2019-04-04"," 9:17:00 AM","2019-04-04"," 9:24:00 AM","CE","11650","Buy","25","31.45","25.15","","-157.50"
"8.2","2019-04-04"," 9:17:00 AM","2019-04-04"," 12:20:00 PM","PE","11650","Buy","25","25.70","20.55","","-128.75"
"9","2019-04-11"," 9:17:00 AM","2019-04-11"," 9:22:00 AM","","","","","","","20.52","-238.75"
"9.1","2019-04-11"," 9:17:00 AM","2019-04-11"," 9:20:00 AM","CE","11600","Buy","25","17.75","14.20","","-88.75"
"9.2","2019-04-11"," 9:17:00 AM","2019-04-11"," 9:22:00 AM","PE","11600","Buy","25","29.95","23.95","","-150.00"
"10","2019-04-18"," 9:17:00 AM","2019-04-18"," 3:15:00 PM","","","","","","","22.45","462.50"
"10.1","2019-04-18"," 9:17:00 AM","2019-04-18"," 9:35:00 AM","CE","11800","Buy","25","27.00","21.60","","-135.00"
"10.2","2019-04-18"," 9:17:00 AM","2019-04-18"," 3:15:00 PM","PE","11800","Buy","25","13.35","37.25","","597.50"
"11","2019-04-25"," 9:17:00 AM","2019-04-25"," 1:35:00 PM","","","","","","","23.77","-231.25"
"11.1","2019-04-25"," 9:17:00 AM","2019-04-25"," 1:35:00 PM","CE","11700","Buy","25","30.30","24.25","","-151.25"
"11.2","2019-04-25"," 9:17:00 AM","2019-04-25"," 9:20:00 AM","PE","11700","Buy","25","16.05","12.85","","-80.00"
"12","2019-05-02"," 9:17:00 AM","2019-05-02"," 9:44:00 AM","","","","","","","22.08","-253.75"
"12.1","2019-05-02"," 9:17:00 AM","2019-05-02"," 9:22:00 AM","CE","11750","Buy","25","12.90","10.30","","-65.00"
"12.2","2019-05-02"," 9:17:00 AM","2019-05-02"," 9:44:00 AM","PE","11750","Buy","25","37.80","30.25","","-188.75"
"13","2019-05-09"," 9:17:00 AM","2019-05-09"," 10:46:00 AM","","","","","","","26.07","-300.00"
"13.1","2019-05-09"," 9:17:00 AM","2019-05-09"," 9:24:00 AM","CE","11300","Buy","25","44.50","35.60","","-222.50"
"13.2","2019-05-09"," 9:17:00 AM","2019-05-09"," 10:46:00 AM","PE","11300","Buy","25","15.50","12.40","","-77.50"
"14","2019-05-16"," 9:17:00 AM","2019-05-16"," 12:12:00 PM","","","","","","","27.72","-331.25"
"14.1","2019-05-16"," 9:17:00 AM","2019-05-16"," 9:21:00 AM","CE","11150","Buy","25","38.60","30.90","","-192.50"
"14.2","2019-05-16"," 9:17:00 AM","2019-05-16"," 12:12:00 PM","PE","11150","Buy","25","27.65","22.10","","-138.75"
"15","2019-05-23"," 9:17:00 AM","2019-05-23"," 9:31:00 AM","","","","","","","23.15","-1617.50"
"15.1","2019-05-23"," 9:17:00 AM","2019-05-23"," 9:31:00 AM","CE","11900","Buy","25","162.10","129.70","","-810.00"
"15.2","2019-05-23"," 9:17:00 AM","2019-05-23"," 9:21:00 AM","PE","11900","Buy","25","161.50","129.20","","-807.50"
"16","2019-05-30"," 9:17:00 AM","2019-05-30"," 3:15:00 PM","","","","","","","15.81","1115.00"
"16.1","2019-05-30"," 9:17:00 AM","2019-05-30"," 3:15:00 PM","CE","11850","Buy","25","40.05","88.50","","1211.25"
"16.2","2019-05-30"," 9:17:00 AM","2019-05-30"," 9:34:00 AM","PE","11850","Buy","25","19.15","15.30","","-96.25"
"17","2019-06-06"," 9:17:00 AM","2019-06-06"," 3:15:00 PM","","","","","","","14.77","2663.75"
"17.1","2019-06-06"," 9:17:00 AM","2019-06-06"," 9:34:00 AM","CE","12000","Buy","25","33.95","27.15","","-170.00"
"17.2","2019-06-06"," 9:17:00 AM","2019-06-06"," 3:15:00 PM","PE","12000","Buy","25","27.00","140.35","","2833.75"
"18","2019-06-13"," 9:17:00 AM","2019-06-13"," 9:40:00 AM","","","","","","","14.23","-271.25"
"18.1","2019-06-13"," 9:17:00 AM","2019-06-13"," 9:40:00 AM","CE","11850","Buy","25","39.00","31.20","","-195.00"
"18.2","2019-06-13"," 9:17:00 AM","2019-06-13"," 9:22:00 AM","PE","11850","Buy","25","15.35","12.30","","-76.25"
"19","2019-06-20"," 9:17:00 AM","2019-06-20"," 9:46:00 AM","","","","","","","14.45","-357.50"
"19.1","2019-06-20"," 9:17:00 AM","2019-06-20"," 9:19:00 AM","CE","11650","Buy","25","58.45","46.75","","-292.50"
"19.2","2019-06-20"," 9:17:00 AM","2019-06-20"," 9:46:00 AM","PE","11650","Buy","25","13.00","10.40","","-65.00"
"20","2019-06-27"," 9:17:00 AM","2019-06-27"," 1:40:00 PM","","","","","","","14.45","-297.50"
"20.1","2019-06-27"," 9:17:00 AM","2019-06-27"," 1:40:00 PM","CE","11850","Buy","25","42.70","34.15","","-213.75"
"20.2","2019-06-27"," 9:17:00 AM","2019-06-27"," 9:20:00 AM","PE","11850","Buy","25","16.75","13.40","","-83.75"
"21","2019-07-04"," 9:17:00 AM","2019-07-04"," 11:31:00 AM","","","","","","","13.55","-251.25"
"21.1","2019-07-04"," 9:17:00 AM","2019-07-04"," 11:31:00 AM","CE","11950","Buy","25","15.80","12.65","","-78.75"
"21.2","2019-07-04"," 9:17:00 AM","2019-07-04"," 9:29:00 AM","PE","11950","Buy","25","34.45","27.55","","-172.50"
"22","2019-07-11"," 9:17:00 AM","2019-07-11"," 9:27:00 AM","","","","","","","12.81","-237.50"
"22.1","2019-07-11"," 9:17:00 AM","2019-07-11"," 9:27:00 AM","CE","11550","Buy","25","23.00","18.40","","-115.00"
"22.2","2019-07-11"," 9:17:00 AM","2019-07-11"," 9:20:00 AM","PE","11550","Buy","25","24.40","19.50","","-122.50"
"23","2019-07-18"," 9:17:00 AM","2019-07-18"," 9:24:00 AM","","","","","","","11.55","-196.25"
"23.1","2019-07-18"," 9:17:00 AM","2019-07-18"," 9:24:00 AM","CE","11650","Buy","25","24.15","19.30","","-121.25"
"23.2","2019-07-18"," 9:17:00 AM","2019-07-18"," 9:20:00 AM","PE","11650","Buy","25","15.10","12.10","","-75.00"
"24","2019-07-25"," 9:17:00 AM","2019-07-25"," 11:56:00 AM","","","","","","","13.36","-277.50"
"24.1","2019-07-25"," 9:17:00 AM","2019-07-25"," 11:56:00 AM","CE","11300","Buy","25","15.65","12.50","","-78.75"
"24.2","2019-07-25"," 9:17:00 AM","2019-07-25"," 9:19:00 AM","PE","11300","Buy","25","39.65","31.70","","-198.75"
"25","2019-08-01"," 9:17:00 AM","2019-08-01"," 9:52:00 AM","","","","","","","14.02","-275.00"
"25.1","2019-08-01"," 9:17:00 AM","2019-08-01"," 9:52:00 AM","CE","11050","Buy","25","25.25","20.20","","-126.25"
"25.2","2019-08-01"," 9:17:00 AM","2019-08-01"," 9:19:00 AM","PE","11050","Buy","25","29.85","23.90","","-148.75"
"26","2019-08-08"," 9:17:00 AM","2019-08-08"," 10:25:00 AM","","","","","","","15.63","-297.50"
"26.1","2019-08-08"," 9:17:00 AM","2019-08-08"," 9:21:00 AM","CE","10900","Buy","25","29.75","23.80","","-148.75"
"26.2","2019-08-08"," 9:17:00 AM","2019-08-08"," 10:25:00 AM","PE","10900","Buy","25","29.75","23.80","","-148.75"
"27","2019-08-14"," 9:17:00 AM","2019-08-14"," 3:15:00 PM","","","","","","","16.67","890.00"
"27.1","2019-08-14"," 9:17:00 AM","2019-08-14"," 3:15:00 PM","CE","10950","Buy","25","34.60","77.00","","1060.00"
"27.2","2019-08-14"," 9:17:00 AM","2019-08-14"," 9:24:00 AM","PE","10950","Buy","25","34.00","27.20","","-170.00"
"28","2019-08-22"," 9:17:00 AM","2019-08-22"," 3:15:00 PM","","","","","","","17.23","2481.25"
"28.1","2019-08-22"," 9:17:00 AM","2019-08-22"," 9:51:00 AM","CE","10900","Buy","25","26.55","21.25","","-132.50"
"28.2","2019-08-22"," 9:17:00 AM","2019-08-22"," 3:15:00 PM","PE","10900","Buy","25","38.55","143.10","","2613.75"
"29","2019-08-29"," 9:17:00 AM","2019-08-29"," 9:52:00 AM","","","","","","","16.54","-351.25"
"29.1","2019-08-29"," 9:17:00 AM","2019-08-29"," 9:26:00 AM","CE","11000","Buy","25","29.45","23.55","","-147.50"
"29.2","2019-08-29"," 9:17:00 AM","2019-08-29"," 9:52:00 AM","PE","11000","Buy","25","40.65","32.50","","-203.75"
"30","2019-09-05"," 9:17:00 AM","2019-09-05"," 9:41:00 AM","","","","","","","16.68","-371.25"
"30.1","2019-09-05"," 9:17:00 AM","2019-09-05"," 9:41:00 AM","CE","10900","Buy","25","33.20","26.55","","-166.25"
"30.2","2019-09-05"," 9:17:00 AM","2019-09-05"," 9:20:00 AM","PE","10900","Buy","25","40.90","32.70","","-205.00"
"31","2019-09-12"," 9:17:00 AM","2019-09-12"," 10:21:00 AM","","","","","","","14.95","-287.50"
"31.1","2019-09-12"," 9:17:00 AM","2019-09-12"," 10:21:00 AM","CE","11050","Buy","25","32.50","26.00","","-162.50"
"31.2","2019-09-12"," 9:17:00 AM","2019-09-12"," 9:18:00 AM","PE","11050","Buy","25","25.00","20.00","","-125.00"
"32","2019-09-19"," 9:17:00 AM","2019-09-19"," 3:15:00 PM","","","","","","","15.44","1432.50"
"32.1","2019-09-19"," 9:17:00 AM","2019-09-19"," 9:21:00 AM","CE","10800","Buy","25","34.05","27.25","","-170.00"
"32.2","2019-09-19"," 9:17:00 AM","2019-09-19"," 3:15:00 PM","PE","10800","Buy","25","29.95","94.05","","1602.50"
"33","2019-09-26"," 9:17:00 AM","2019-09-26"," 3:15:00 PM","","","","","","","15.95","798.75"
"33.1","2019-09-26"," 9:17:00 AM","2019-09-26"," 3:15:00 PM","CE","11500","Buy","25","29.90","69.75","","996.25"
"33.2","2019-09-26"," 9:17:00 AM","2019-09-26"," 9:21:00 AM","PE","11500","Buy","25","39.55","31.65","","-197.50"
"34","2019-10-03"," 9:17:00 AM","2019-10-03"," 9:25:00 AM","","","","","","","17.72","-492.50"
"34.1","2019-10-03"," 9:17:00 AM","2019-10-03"," 9:19:00 AM","CE","11300","Buy","25","41.65","33.30","","-208.75"
"34.2","2019-10-03"," 9:17:00 AM","2019-10-03"," 9:25:00 AM","PE","11300","Buy","25","56.65","45.30","","-283.75"
"35","2019-10-10"," 9:17:00 AM","2019-10-10"," 10:48:00 AM","","","","","","","17.02","-337.50"
"35.1","2019-10-10"," 9:17:00 AM","2019-10-10"," 9:28:00 AM","CE","11300","Buy","25","19.95","15.95","","-100.00"
"35.2","2019-10-10"," 9:17:00 AM","2019-10-10"," 10:48:00 AM","PE","11300","Buy","25","47.45","37.95","","-237.50"
"36","2019-10-17"," 9:17:00 AM","2019-10-17"," 11:17:00 AM","","","","","","","16.12","-301.25"
"36.1","2019-10-17"," 9:17:00 AM","2019-10-17"," 11:17:00 AM","CE","11450","Buy","25","33.70","26.95","","-168.75"
"36.2","2019-10-17"," 9:17:00 AM","2019-10-17"," 9:19:00 AM","PE","11450","Buy","25","26.50","21.20","","-132.50"
"37","2019-10-24"," 9:17:00 AM","2019-10-24"," 3:15:00 PM","","","","","","","15.83","808.75"
"37.1","2019-10-24"," 9:17:00 AM","2019-10-24"," 9:31:00 AM","CE","11650","Buy","25","33.75","27.00","","-168.75"
"37.2","2019-10-24"," 9:17:00 AM","2019-10-24"," 3:15:00 PM","PE","11650","Buy","25","28.80","67.90","","977.50"
"38","2019-10-31"," 9:17:00 AM","2019-10-31"," 1:43:00 PM","","","","","","","16.66","-320.00"
"38.1","2019-10-31"," 9:17:00 AM","2019-10-31"," 1:43:00 PM","CE","11900","Buy","25","20.75","16.60","","-103.75"
"38.2","2019-10-31"," 9:17:00 AM","2019-10-31"," 9:24:00 AM","PE","11900","Buy","25","43.35","34.70","","-216.25"
"39","2019-11-07"," 9:17:00 AM","2019-11-07"," 9:50:00 AM","","","","","","","15.39","-342.50"
"39.1","2019-11-07"," 9:17:00 AM","2019-11-07"," 9:50:00 AM","CE","12000","Buy","25","28.00","22.40","","-140.00"
"39.2","2019-11-07"," 9:17:00 AM","2019-11-07"," 9:20:00 AM","PE","12000","Buy","25","40.50","32.40","","-202.50"
"40","2019-11-14"," 9:17:00 AM","2019-11-14"," 10:42:00 AM","","","","","","","15.85","-283.75"
"40.1","2019-11-14"," 9:17:00 AM","2019-11-14"," 9:26:00 AM","CE","11850","Buy","25","17.90","14.30","","-90.00"
"40.2","2019-11-14"," 9:17:00 AM","2019-11-14"," 10:42:00 AM","PE","11850","Buy","25","38.70","30.95","","-193.75"
"41","2019-11-21"," 9:17:00 AM","2019-11-21"," 9:28:00 AM","","","","","","","14.75","-330.00"
"41.1","2019-11-21"," 9:17:00 AM","2019-11-21"," 9:28:00 AM","CE","12000","Buy","25","28.05","22.45","","-140.00"
"41.2","2019-11-21"," 9:17:00 AM","2019-11-21"," 9:19:00 AM","PE","12000","Buy","25","38.00","30.40","","-190.00"
"42","2019-11-28"," 9:17:00 AM","2019-11-28"," 10:07:00 AM","","","","","","","14.01","-271.25"
"42.1","2019-11-28"," 9:17:00 AM","2019-11-28"," 9:26:00 AM","CE","12100","Buy","25","33.85","27.10","","-168.75"
"42.2","2019-11-28"," 9:17:00 AM","2019-11-28"," 10:07:00 AM","PE","12100","Buy","25","20.45","16.35","","-102.50"
"43","2019-12-05"," 9:17:00 AM","2019-12-05"," 11:47:00 AM","","","","","","","13.05","-327.50"
"43.1","2019-12-05"," 9:17:00 AM","2019-12-05"," 11:47:00 AM","CE","12050","Buy","25","27.75","20.00","","-193.75"
"43.2","2019-12-05"," 9:17:00 AM","2019-12-05"," 9:25:00 AM","PE","12050","Buy","25","26.85","21.50","","-133.75"
"44","2019-12-12"," 9:17:00 AM","2019-12-12"," 9:31:00 AM","","","","","","","12.80","-238.75"
"44.1","2019-12-12"," 9:17:00 AM","2019-12-12"," 9:22:00 AM","CE","11950","Buy","25","23.15","18.50","","-116.25"
"44.2","2019-12-12"," 9:17:00 AM","2019-12-12"," 9:31:00 AM","PE","11950","Buy","25","24.50","19.60","","-122.50"
"45","2019-12-19"," 9:17:00 AM","2019-12-19"," 10:52:00 AM","","","","","","","12.31","-233.75"
"45.1","2019-12-19"," 9:17:00 AM","2019-12-19"," 9:41:00 AM","CE","12200","Buy","25","24.05","19.25","","-120.00"
"45.2","2019-12-19"," 9:17:00 AM","2019-12-19"," 10:52:00 AM","PE","12200","Buy","25","22.80","18.25","","-113.75"
"46","2019-12-26"," 9:17:00 AM","2019-12-26"," 10:21:00 AM","","","","","","","12.07","-210.00"
"46.1","2019-12-26"," 9:17:00 AM","2019-12-26"," 9:19:00 AM","CE","12200","Buy","25","30.75","24.60","","-153.75"
"46.2","2019-12-26"," 9:17:00 AM","2019-12-26"," 10:21:00 AM","PE","12200","Buy","25","11.35","9.10","","-56.25"
"47","2020-01-02"," 9:17:00 AM","2020-01-02"," 3:15:00 PM","","","","","","","11.48","1300.00"
"47.1","2020-01-02"," 9:17:00 AM","2020-01-02"," 3:15:00 PM","CE","12200","Buy","25","26.20","81.55","","1383.75"
"47.2","2020-01-02"," 9:17:00 AM","2020-01-02"," 9:20:00 AM","PE","12200","Buy","25","16.80","13.45","","-83.75"
"48","2020-01-09"," 9:17:00 AM","2020-01-09"," 9:37:00 AM","","","","","","","13.82","-268.75"
"48.1","2020-01-09"," 9:17:00 AM","2020-01-09"," 9:37:00 AM","CE","12150","Buy","25","26.70","21.35","","-133.75"
"48.2","2020-01-09"," 9:17:00 AM","2020-01-09"," 9:21:00 AM","PE","12150","Buy","25","26.95","21.55","","-135.00"
"49","2020-01-16"," 9:17:00 AM","2020-01-16"," 10:55:00 AM","","","","","","","14.04","-218.75"
"49.1","2020-01-16"," 9:17:00 AM","2020-01-16"," 10:55:00 AM","CE","12350","Buy","25","23.60","18.90","","-117.50"
"49.2","2020-01-16"," 9:17:00 AM","2020-01-16"," 9:19:00 AM","PE","12350","Buy","25","20.35","16.30","","-101.25"
"50","2020-01-23"," 9:17:00 AM","2020-01-23"," 3:15:00 PM","","","","","","","16.64","1438.75"
"50.1","2020-01-23"," 9:17:00 AM","2020-01-23"," 3:15:00 PM","CE","12100","Buy","25","17.70","81.00","","1582.50"
"50.2","2020-01-23"," 9:17:00 AM","2020-01-23"," 9:19:00 AM","PE","12100","Buy","25","28.75","23.00","","-143.75"
"51","2020-01-30"," 9:17:00 AM","2020-01-30"," 3:15:00 PM","","","","","","","16.52","513.75"
"51.1","2020-01-30"," 9:17:00 AM","2020-01-30"," 9:19:00 AM","CE","12100","Buy","25","23.50","18.80","","-117.50"
"51.2","2020-01-30"," 9:17:00 AM","2020-01-30"," 3:15:00 PM","PE","12100","Buy","25","34.65","59.90","","631.25"
"52","2020-02-06"," 9:17:00 AM","2020-02-06"," 9:44:00 AM","","","","","","","14.02","-325.00"
"52.1","2020-02-06"," 9:17:00 AM","2020-02-06"," 9:19:00 AM","CE","12150","Buy","25","18.55","14.85","","-92.50"
"52.2","2020-02-06"," 9:17:00 AM","2020-02-06"," 9:44:00 AM","PE","12150","Buy","25","46.40","37.10","","-232.50"
"53","2020-02-13"," 9:17:00 AM","2020-02-13"," 3:02:00 PM","","","","","","","13.31","-285.00"
"53.1","2020-02-13"," 9:17:00 AM","2020-02-13"," 9:21:00 AM","CE","12200","Buy","25","16.95","13.55","","-85.00"
"53.2","2020-02-13"," 9:17:00 AM","2020-02-13"," 3:02:00 PM","PE","12200","Buy","25","40.05","32.05","","-200.00"
"54","2020-02-20"," 9:17:00 AM","2020-02-20"," 1:58:00 PM","","","","","","","13.66","-225.00"
"54.1","2020-02-20"," 9:17:00 AM","2020-02-20"," 1:58:00 PM","CE","12100","Buy","25","20.60","16.50","","-102.50"
"54.2","2020-02-20"," 9:17:00 AM","2020-02-20"," 9:18:00 AM","PE","12100","Buy","25","24.50","19.60","","-122.50"
"55","2020-02-27"," 9:17:00 AM","2020-02-27"," 2:54:00 PM","","","","","","","18.01","-331.25"
"55.1","2020-02-27"," 9:17:00 AM","2020-02-27"," 9:19:00 AM","CE","11650","Buy","25","30.55","24.45","","-152.50"
"55.2","2020-02-27"," 9:17:00 AM","2020-02-27"," 2:54:00 PM","PE","11650","Buy","25","35.70","28.55","","-178.75"
"56","2020-03-05"," 9:17:00 AM","2020-03-05"," 10:46:00 AM","","","","","","","23.42","-472.50"
"56.1","2020-03-05"," 9:17:00 AM","2020-03-05"," 9:25:00 AM","CE","11300","Buy","25","55.05","44.05","","-275.00"
"56.2","2020-03-05"," 9:17:00 AM","2020-03-05"," 10:46:00 AM","PE","11300","Buy","25","39.40","31.50","","-197.50"
"57","2020-03-12"," 9:17:00 AM","2020-03-12"," 10:57:00 AM","","","","","","","30.20","4550.00"
"57.1","2020-03-12"," 9:17:00 AM","2020-03-12"," 9:57:00 AM","CE","9950","Buy","25","90.10","72.10","","-450.00"
"57.2","2020-03-12"," 9:17:00 AM","2020-03-12"," 10:57:00 AM","PE","9950","Buy","25","8.45","208.45","","5000.00"
"58","2020-03-19"," 9:17:00 AM","2020-03-19"," 11:06:00 AM","","","","","","","63.68","-1288.75"
"58.1","2020-03-19"," 9:17:00 AM","2020-03-19"," 9:20:00 AM","CE","8000","Buy","25","144.40","115.50","","-722.50"
"58.2","2020-03-19"," 9:17:00 AM","2020-03-19"," 11:06:00 AM","PE","8000","Buy","25","113.15","90.50","","-566.25"
"59","2020-03-26"," 9:17:00 AM","2020-03-26"," 9:24:00 AM","","","","","","","78.82","-1478.75"
"59.1","2020-03-26"," 9:17:00 AM","2020-03-26"," 9:21:00 AM","CE","8350","Buy","25","135.90","108.70","","-680.00"
"59.2","2020-03-26"," 9:17:00 AM","2020-03-26"," 9:24:00 AM","PE","8350","Buy","25","159.75","127.80","","-798.75"
"60","2020-04-01"," 9:17:00 AM","2020-04-01"," 1:37:00 PM","","","","","","","63.79","4643.75"
"60.1","2020-04-01"," 9:17:00 AM","2020-04-01"," 9:23:00 AM","CE","8500","Buy","25","71.15","56.90","","-356.25"
"60.2","2020-04-01"," 9:17:00 AM","2020-04-01"," 1:37:00 PM","PE","8500","Buy","25","100.65","300.65","","5000.00"
"61","2020-04-09"," 9:17:00 AM","2020-04-09"," 10:51:00 AM","","","","","","","50.94","-883.75"
"61.1","2020-04-09"," 9:17:00 AM","2020-04-09"," 10:51:00 AM","CE","8950","Buy","25","73.00","58.40","","-365.00"
"61.2","2020-04-09"," 9:17:00 AM","2020-04-09"," 9:21:00 AM","PE","8950","Buy","25","103.85","83.10","","-518.75"
"62","2020-04-16"," 9:17:00 AM","2020-04-16"," 9:38:00 AM","","","","","","","49.17","-741.25"
"62.1","2020-04-16"," 9:17:00 AM","2020-04-16"," 9:20:00 AM","CE","8900","Buy","25","57.70","46.15","","-288.75"
"62.2","2020-04-16"," 9:17:00 AM","2020-04-16"," 9:38:00 AM","PE","8900","Buy","25","90.40","72.30","","-452.50"
"63","2020-04-23"," 9:17:00 AM","2020-04-23"," 3:15:00 PM","","","","","","","42.56","1421.25"
"63.1","2020-04-23"," 9:17:00 AM","2020-04-23"," 3:15:00 PM","CE","9200","Buy","25","39.60","111.70","","1802.50"
"63.2","2020-04-23"," 9:17:00 AM","2020-04-23"," 9:19:00 AM","PE","9200","Buy","25","76.35","61.10","","-381.25"
"64","2020-04-30"," 9:17:00 AM","2020-04-30"," 2:59:00 PM","","","","","","","32.82","-433.75"
"64.1","2020-04-30"," 9:17:00 AM","2020-04-30"," 2:59:00 PM","CE","9750","Buy","25","26.30","21.05","","-131.25"
"64.2","2020-04-30"," 9:17:00 AM","2020-04-30"," 9:26:00 AM","PE","9750","Buy","25","60.40","48.30","","-302.50"
"65","2020-05-07"," 9:17:00 AM","2020-05-07"," 10:45:00 AM","","","","","","","41.65","-580.00"
"65.1","2020-05-07"," 9:17:00 AM","2020-05-07"," 10:45:00 AM","CE","9200","Buy","25","47.80","38.25","","-238.75"
"65.2","2020-05-07"," 9:17:00 AM","2020-05-07"," 9:23:00 AM","PE","9200","Buy","25","68.20","54.55","","-341.25"
"66","2020-05-14"," 9:17:00 AM","2020-05-14"," 10:16:00 AM","","","","","","","37.79","-550.00"
"66.1","2020-05-14"," 9:17:00 AM","2020-05-14"," 10:16:00 AM","CE","9200","Buy","25","71.95","57.55","","-360.00"
"66.2","2020-05-14"," 9:17:00 AM","2020-05-14"," 9:18:00 AM","PE","9200","Buy","25","37.95","30.35","","-190.00"
"67","2020-05-21"," 9:17:00 AM","2020-05-21"," 9:58:00 AM","","","","","","","34.19","-385.00"
"67.1","2020-05-21"," 9:17:00 AM","2020-05-21"," 9:58:00 AM","CE","9100","Buy","25","35.35","28.30","","-176.25"
"67.2","2020-05-21"," 9:17:00 AM","2020-05-21"," 9:18:00 AM","PE","9100","Buy","25","41.80","33.45","","-208.75"
"68","2020-05-28"," 9:17:00 AM","2020-05-28"," 3:15:00 PM","","","","","","","30.76","2081.25"
"68.1","2020-05-28"," 9:17:00 AM","2020-05-28"," 3:15:00 PM","CE","9350","Buy","25","43.45","133.10","","2241.25"
"68.2","2020-05-28"," 9:17:00 AM","2020-05-28"," 9:32:00 AM","PE","9350","Buy","25","32.00","25.60","","-160.00"
"69","2020-06-04"," 9:17:00 AM","2020-06-04"," 9:32:00 AM","","","","","","","29.72","-451.25"
"69.1","2020-06-04"," 9:17:00 AM","2020-06-04"," 9:32:00 AM","CE","10100","Buy","25","36.50","29.20","","-182.50"
"69.2","2020-06-04"," 9:17:00 AM","2020-06-04"," 9:20:00 AM","PE","10100","Buy","25","53.70","42.95","","-268.75"
"70","2020-06-11"," 9:17:00 AM","2020-06-11"," 10:49:00 AM","","","","","","","29.29","-485.00"
"70.1","2020-06-11"," 9:17:00 AM","2020-06-11"," 10:49:00 AM","CE","10050","Buy","25","43.60","34.90","","-217.50"
"70.2","2020-06-11"," 9:17:00 AM","2020-06-11"," 9:25:00 AM","PE","10050","Buy","25","53.60","42.90","","-267.50"
"71","2020-06-18"," 9:17:00 AM","2020-06-18"," 9:57:00 AM","","","","","","","33.18","-483.75"
"71.1","2020-06-18"," 9:17:00 AM","2020-06-18"," 9:19:00 AM","CE","9900","Buy","25","28.70","22.95","","-143.75"
"71.2","2020-06-18"," 9:17:00 AM","2020-06-18"," 9:57:00 AM","PE","9900","Buy","25","67.95","54.35","","-340.00"
"72","2020-06-25"," 9:17:00 AM","2020-06-25"," 9:37:00 AM","","","","","","","30.32","-491.25"
"72.1","2020-06-25"," 9:17:00 AM","2020-06-25"," 9:21:00 AM","CE","10200","Buy","25","56.40","45.10","","-282.50"
"72.2","2020-06-25"," 9:17:00 AM","2020-06-25"," 9:37:00 AM","PE","10200","Buy","25","41.70","33.35","","-208.75"
"73","2020-07-02"," 9:17:00 AM","2020-07-02"," 11:11:00 AM","","","","","","","27.50","-428.75"
"73.1","2020-07-02"," 9:17:00 AM","2020-07-02"," 11:11:00 AM","CE","10500","Buy","25","38.50","30.80","","-192.50"
"73.2","2020-07-02"," 9:17:00 AM","2020-07-02"," 9:26:00 AM","PE","10500","Buy","25","47.35","37.90","","-236.25"
"74","2020-07-09"," 9:17:00 AM","2020-07-09"," 9:32:00 AM","","","","","","","25.87","-421.25"
"74.1","2020-07-09"," 9:17:00 AM","2020-07-09"," 9:32:00 AM","CE","10750","Buy","25","34.00","27.20","","-170.00"
"74.2","2020-07-09"," 9:17:00 AM","2020-07-09"," 9:26:00 AM","PE","10750","Buy","25","50.35","40.30","","-251.25"
"75","2020-07-16"," 9:17:00 AM","2020-07-16"," 9:30:00 AM","","","","","","","26.58","-473.75"
"75.1","2020-07-16"," 9:17:00 AM","2020-07-16"," 9:30:00 AM","CE","10650","Buy","25","25.75","20.60","","-128.75"
"75.2","2020-07-16"," 9:17:00 AM","2020-07-16"," 9:22:00 AM","PE","10650","Buy","25","68.90","55.10","","-345.00"
"76","2020-07-23"," 9:17:00 AM","2020-07-23"," 3:15:00 PM","","","","","","","24.76","642.50"
"76.1","2020-07-23"," 9:17:00 AM","2020-07-23"," 3:15:00 PM","CE","11150","Buy","25","27.15","61.70","","863.75"
"76.2","2020-07-23"," 9:17:00 AM","2020-07-23"," 9:22:00 AM","PE","11150","Buy","25","44.15","35.30","","-221.25"
"77","2020-07-30"," 9:17:00 AM","2020-07-30"," 12:38:00 PM","","","","","","","24.03","-338.75"
"77.1","2020-07-30"," 9:17:00 AM","2020-07-30"," 12:38:00 PM","CE","11250","Buy","25","34.80","27.85","","-173.75"
"77.2","2020-07-30"," 9:17:00 AM","2020-07-30"," 9:21:00 AM","PE","11250","Buy","25","32.95","26.35","","-165.00"
"78","2020-08-06"," 9:17:00 AM","2020-08-06"," 2:20:00 PM","","","","","","","23.38","-450.00"
"78.1","2020-08-06"," 9:17:00 AM","2020-08-06"," 2:20:00 PM","CE","11150","Buy","25","36.80","29.45","","-183.75"
"78.2","2020-08-06"," 9:17:00 AM","2020-08-06"," 9:36:00 AM","PE","11150","Buy","25","53.35","42.70","","-266.25"
"79","2020-08-13"," 9:17:00 AM","2020-08-13"," 10:14:00 AM","","","","","","","20.68","-347.50"
"79.1","2020-08-13"," 9:17:00 AM","2020-08-13"," 10:14:00 AM","CE","11350","Buy","25","33.85","27.10","","-168.75"
"79.2","2020-08-13"," 9:17:00 AM","2020-08-13"," 9:31:00 AM","PE","11350","Buy","25","35.85","28.70","","-178.75"
"80","2020-08-20"," 9:17:00 AM","2020-08-20"," 12:36:00 PM","","","","","","","20.71","-332.50"
"80.1","2020-08-20"," 9:17:00 AM","2020-08-20"," 12:36:00 PM","CE","11300","Buy","25","38.60","30.90","","-192.50"
"80.2","2020-08-20"," 9:17:00 AM","2020-08-20"," 9:38:00 AM","PE","11300","Buy","25","28.00","22.40","","-140.00"
"81","2020-08-27"," 9:17:00 AM","2020-08-27"," 11:01:00 AM","","","","","","","19.30","-308.75"
"81.1","2020-08-27"," 9:17:00 AM","2020-08-27"," 10:00:00 AM","CE","11600","Buy","25","26.40","21.10","","-132.50"
"81.2","2020-08-27"," 9:17:00 AM","2020-08-27"," 11:01:00 AM","PE","11600","Buy","25","35.25","28.20","","-176.25"
"82","2020-09-03"," 9:17:00 AM","2020-09-03"," 1:05:00 PM","","","","","","","20.24","-351.25"
"82.1","2020-09-03"," 9:17:00 AM","2020-09-03"," 9:19:00 AM","CE","11600","Buy","25","21.75","17.40","","-108.75"
"82.2","2020-09-03"," 9:17:00 AM","2020-09-03"," 1:05:00 PM","PE","11600","Buy","25","48.60","38.90","","-242.50"
"83","2020-09-10"," 9:17:00 AM","2020-09-10"," 9:21:00 AM","","","","","","","21.82","-328.75"
"83.1","2020-09-10"," 9:17:00 AM","2020-09-10"," 9:19:00 AM","CE","11350","Buy","25","25.00","20.00","","-125.00"
"83.2","2020-09-10"," 9:17:00 AM","2020-09-10"," 9:21:00 AM","PE","11350","Buy","25","40.75","32.60","","-203.75"
"84","2020-09-17"," 9:17:00 AM","2020-09-17"," 11:41:00 AM","","","","","","","19.89","-310.00"
"84.1","2020-09-17"," 9:17:00 AM","2020-09-17"," 11:41:00 AM","CE","11550","Buy","25","22.05","17.65","","-110.00"
"84.2","2020-09-17"," 9:17:00 AM","2020-09-17"," 9:21:00 AM","PE","11550","Buy","25","40.05","32.05","","-200.00"
"85","2020-09-24"," 9:17:00 AM","2020-09-24"," 9:51:00 AM","","","","","","","22.01","-393.75"
"85.1","2020-09-24"," 9:17:00 AM","2020-09-24"," 9:21:00 AM","CE","11000","Buy","25","36.60","29.30","","-182.50"
"85.2","2020-09-24"," 9:17:00 AM","2020-09-24"," 9:51:00 AM","PE","11000","Buy","25","42.20","33.75","","-211.25"
"86","2020-10-01"," 9:17:00 AM","2020-10-01"," 3:15:00 PM","","","","","","","18.82","1066.25"
"86.1","2020-10-01"," 9:17:00 AM","2020-10-01"," 3:15:00 PM","CE","11350","Buy","25","21.85","71.55","","1242.50"
"86.2","2020-10-01"," 9:17:00 AM","2020-10-01"," 9:19:00 AM","PE","11350","Buy","25","35.25","28.20","","-176.25"
"87","2020-10-08"," 9:17:00 AM","2020-10-08"," 9:26:00 AM","","","","","","","20.25","-332.50"
"87.1","2020-10-08"," 9:17:00 AM","2020-10-08"," 9:19:00 AM","CE","11850","Buy","25","26.45","21.15","","-132.50"
"87.2","2020-10-08"," 9:17:00 AM","2020-10-08"," 9:26:00 AM","PE","11850","Buy","25","40.00","32.00","","-200.00"
"88","2020-10-15"," 9:17:00 AM","2020-10-15"," 9:53:00 AM","","","","","","","20.26","-420.00"
"88.1","2020-10-15"," 9:17:00 AM","2020-10-15"," 9:20:00 AM","CE","12000","Buy","25","25.85","20.70","","-128.75"
"88.2","2020-10-15"," 9:17:00 AM","2020-10-15"," 9:53:00 AM","PE","12000","Buy","25","58.15","46.50","","-291.25"
"89","2020-10-22"," 9:17:00 AM","2020-10-22"," 9:31:00 AM","","","","","","","22.67","-456.25"
"89.1","2020-10-22"," 9:17:00 AM","2020-10-22"," 9:31:00 AM","CE","11900","Buy","25","47.05","37.65","","-235.00"
"89.2","2020-10-22"," 9:17:00 AM","2020-10-22"," 9:18:00 AM","PE","11900","Buy","25","44.25","35.40","","-221.25"
"90","2020-10-29"," 9:17:00 AM","2020-10-29"," 1:14:00 PM","","","","","","","23.49","-522.50"
"90.1","2020-10-29"," 9:17:00 AM","2020-10-29"," 1:14:00 PM","CE","11650","Buy","25","41.25","33.00","","-206.25"
"90.2","2020-10-29"," 9:17:00 AM","2020-10-29"," 9:26:00 AM","PE","11650","Buy","25","63.15","50.50","","-316.25"
"91","2020-11-05"," 9:17:00 AM","2020-11-05"," 9:31:00 AM","","","","","","","21.79","-490.00"
"91.1","2020-11-05"," 9:17:00 AM","2020-11-05"," 9:31:00 AM","CE","12050","Buy","25","44.00","35.20","","-220.00"
"91.2","2020-11-05"," 9:17:00 AM","2020-11-05"," 9:21:00 AM","PE","12050","Buy","25","53.90","43.10","","-270.00"
"92","2020-11-12"," 9:17:00 AM","2020-11-12"," 9:31:00 AM","","","","","","","21.48","-501.25"
"92.1","2020-11-12"," 9:17:00 AM","2020-11-12"," 9:31:00 AM","CE","12700","Buy","25","56.45","45.00","","-286.25"
"92.2","2020-11-12"," 9:17:00 AM","2020-11-12"," 9:21:00 AM","PE","12700","Buy","25","43.10","34.50","","-215.00"
"93","2020-11-19"," 9:17:00 AM","2020-11-19"," 1:49:00 PM","","","","","","","19.23","-363.75"
"93.1","2020-11-19"," 9:17:00 AM","2020-11-19"," 1:49:00 PM","CE","12850","Buy","25","49.10","39.30","","-245.00"
"93.2","2020-11-19"," 9:17:00 AM","2020-11-19"," 9:21:00 AM","PE","12850","Buy","25","23.80","19.05","","-118.75"
"94","2020-11-26"," 9:17:00 AM","2020-11-26"," 12:58:00 PM","","","","","","","20.01","-445.00"
"94.1","2020-11-26"," 9:17:00 AM","2020-11-26"," 9:21:00 AM","CE","12900","Buy","25","44.25","35.30","","-223.75"
"94.2","2020-11-26"," 9:17:00 AM","2020-11-26"," 12:58:00 PM","PE","12900","Buy","25","44.30","35.45","","-221.25"
"95","2020-12-03"," 9:17:00 AM","2020-12-03"," 10:22:00 AM","","","","","","","18.61","-435.00"
"95.1","2020-12-03"," 9:17:00 AM","2020-12-03"," 9:38:00 AM","CE","13150","Buy","25","46.35","37.10","","-231.25"
"95.2","2020-12-03"," 9:17:00 AM","2020-12-03"," 10:22:00 AM","PE","13150","Buy","25","40.70","32.55","","-203.75"
"96","2020-12-10"," 9:17:00 AM","2020-12-10"," 2:29:00 PM","","","","","","","18.25","-447.50"
"96.1","2020-12-10"," 9:17:00 AM","2020-12-10"," 9:29:00 AM","CE","13450","Buy","25","59.25","47.40","","-296.25"
"96.2","2020-12-10"," 9:17:00 AM","2020-12-10"," 2:29:00 PM","PE","13450","Buy","25","30.20","24.15","","-151.25"
"97","2020-12-17"," 9:17:00 AM","2020-12-17"," 3:15:00 PM","","","","","","","19.00","118.75"
"97.1","2020-12-17"," 9:17:00 AM","2020-12-17"," 3:15:00 PM","CE","13700","Buy","25","30.35","45.80","","386.25"
"97.2","2020-12-17"," 9:17:00 AM","2020-12-17"," 9:22:00 AM","PE","13700","Buy","25","53.50","42.80","","-267.50"
"98","2020-12-24"," 9:17:00 AM","2020-12-24"," 3:15:00 PM","","","","","","","20.08","1628.75"
"98.1","2020-12-24"," 9:17:00 AM","2020-12-24"," 3:15:00 PM","CE","13650","Buy","25","31.00","102.30","","1782.50"
"98.2","2020-12-24"," 9:17:00 AM","2020-12-24"," 9:20:00 AM","PE","13650","Buy","25","30.85","24.70","","-153.75"
"99","2020-12-31"," 9:17:00 AM","2020-12-31"," 2:28:00 PM","","","","","","","21.35","-432.50"
"99.1","2020-12-31"," 9:17:00 AM","2020-12-31"," 2:28:00 PM","CE","13950","Buy","25","44.25","35.40","","-221.25"
"99.2","2020-12-31"," 9:17:00 AM","2020-12-31"," 9:21:00 AM","PE","13950","Buy","25","42.15","33.70","","-211.25"
"100","2021-01-07"," 9:17:00 AM","2021-01-07"," 9:50:00 AM","","","","","","","20.49","-411.25"
"100.1","2021-01-07"," 9:17:00 AM","2021-01-07"," 9:36:00 AM","CE","14250","Buy","25","25.05","20.05","","-125.00"
"100.2","2021-01-07"," 9:17:00 AM","2021-01-07"," 9:50:00 AM","PE","14250","Buy","25","57.35","45.90","","-286.25"
"101","2021-01-14"," 9:17:00 AM","2021-01-14"," 11:04:00 AM","","","","","","","23.66","-427.50"
"101.1","2021-01-14"," 9:17:00 AM","2021-01-14"," 9:29:00 AM","CE","14550","Buy","25","44.70","35.75","","-223.75"
"101.2","2021-01-14"," 9:17:00 AM","2021-01-14"," 11:04:00 AM","PE","14550","Buy","25","40.85","32.70","","-203.75"
"102","2021-01-21"," 9:17:00 AM","2021-01-21"," 2:14:00 PM","","","","","","","21.52","-338.75"
"102.1","2021-01-21"," 9:17:00 AM","2021-01-21"," 2:14:00 PM","CE","14700","Buy","25","31.00","24.80","","-155.00"
"102.2","2021-01-21"," 9:17:00 AM","2021-01-21"," 9:19:00 AM","PE","14700","Buy","25","36.75","29.40","","-183.75"
"103","2021-01-28"," 9:17:00 AM","2021-01-28"," 9:37:00 AM","","","","","","","24.82","-580.00"
"103.1","2021-01-28"," 9:17:00 AM","2021-01-28"," 9:21:00 AM","CE","13850","Buy","25","59.05","47.25","","-295.00"
"103.2","2021-01-28"," 9:17:00 AM","2021-01-28"," 9:37:00 AM","PE","13850","Buy","25","57.05","45.65","","-285.00"
"104","2021-02-04"," 9:17:00 AM","2021-02-04"," 9:31:00 AM","","","","","","","23.83","-623.75"
"104.1","2021-02-04"," 9:17:00 AM","2021-02-04"," 9:31:00 AM","CE","14750","Buy","25","54.45","43.55","","-272.50"
"104.2","2021-02-04"," 9:17:00 AM","2021-02-04"," 9:20:00 AM","PE","14750","Buy","25","70.30","56.25","","-351.25"
"105","2021-02-11"," 9:17:00 AM","2021-02-11"," 3:15:00 PM","","","","","","","24.04","156.25"
"105.1","2021-02-11"," 9:17:00 AM","2021-02-11"," 3:15:00 PM","CE","15100","Buy","25","47.70","67.95","","506.25"
"105.2","2021-02-11"," 9:17:00 AM","2021-02-11"," 9:21:00 AM","PE","15100","Buy","25","70.05","56.05","","-350.00"
"106","2021-02-18"," 9:17:00 AM","2021-02-18"," 9:32:00 AM","","","","","","","21.20","-516.25"
"106.1","2021-02-18"," 9:17:00 AM","2021-02-18"," 9:32:00 AM","CE","15200","Buy","25","58.15","46.50","","-291.25"
"106.2","2021-02-18"," 9:17:00 AM","2021-02-18"," 9:21:00 AM","PE","15200","Buy","25","44.90","35.90","","-225.00"
"107","2021-02-25"," 9:17:00 AM","2021-02-25"," 9:52:00 AM","","","","","","","23.30","-571.25"
"107.1","2021-02-25"," 9:17:00 AM","2021-02-25"," 9:52:00 AM","CE","15150","Buy","25","48.30","38.65","","-241.25"
"107.2","2021-02-25"," 9:17:00 AM","2021-02-25"," 9:22:00 AM","PE","15150","Buy","25","66.05","52.85","","-330.00"
"108","2021-03-04"," 9:17:00 AM","2021-03-04"," 9:36:00 AM","","","","","","","23.36","-616.25"
"108.1","2021-03-04"," 9:17:00 AM","2021-03-04"," 9:36:00 AM","CE","15050","Buy","25","63.85","51.10","","-318.75"
"108.2","2021-03-04"," 9:17:00 AM","2021-03-04"," 9:28:00 AM","PE","15050","Buy","25","59.50","47.60","","-297.50"
"109","2021-03-10"," 9:17:00 AM","2021-03-10"," 2:10:00 PM","","","","","","","21.58","-463.75"
"109.1","2021-03-10"," 9:17:00 AM","2021-03-10"," 9:29:00 AM","CE","15200","Buy","25","47.30","37.85","","-236.25"
"109.2","2021-03-10"," 9:17:00 AM","2021-03-10"," 2:10:00 PM","PE","15200","Buy","25","45.55","36.45","","-227.50"
"110","2021-03-18"," 9:17:00 AM","2021-03-18"," 9:45:00 AM","","","","","","","19.20","-577.50"
"110.1","2021-03-18"," 9:17:00 AM","2021-03-18"," 9:25:00 AM","CE","14850","Buy","25","60.60","48.50","","-302.50"
"110.2","2021-03-18"," 9:17:00 AM","2021-03-18"," 9:45:00 AM","PE","14850","Buy","25","55.00","44.00","","-275.00"
"111","2021-03-25"," 9:17:00 AM","2021-03-25"," 2:48:00 PM","","","","","","","22.64","-661.25"
"111.1","2021-03-25"," 9:17:00 AM","2021-03-25"," 9:21:00 AM","CE","14500","Buy","25","61.00","48.80","","-305.00"
"111.2","2021-03-25"," 9:17:00 AM","2021-03-25"," 2:48:00 PM","PE","14500","Buy","25","71.30","57.05","","-356.25"
"112","2021-04-01"," 9:17:00 AM","2021-04-01"," 1:15:00 PM","","","","","","","20.28","-545.00"
"112.1","2021-04-01"," 9:17:00 AM","2021-04-01"," 9:29:00 AM","CE","14800","Buy","25","54.60","43.70","","-272.50"
"112.2","2021-04-01"," 9:17:00 AM","2021-04-01"," 1:15:00 PM","PE","14800","Buy","25","54.45","43.55","","-272.50"
"113","2021-04-08"," 9:17:00 AM","2021-04-08"," 11:47:00 AM","","","","","","","20.11","-503.75"
"113.1","2021-04-08"," 9:17:00 AM","2021-04-08"," 11:47:00 AM","CE","14900","Buy","25","54.40","43.50","","-272.50"
"113.2","2021-04-08"," 9:17:00 AM","2021-04-08"," 9:20:00 AM","PE","14900","Buy","25","46.25","37.00","","-231.25"
"114","2021-04-15"," 9:17:00 AM","2021-04-15"," 9:33:00 AM","","","","","","","21.03","-608.75"
"114.1","2021-04-15"," 9:17:00 AM","2021-04-15"," 9:33:00 AM","CE","14550","Buy","25","63.90","51.10","","-320.00"
"114.2","2021-04-15"," 9:17:00 AM","2021-04-15"," 9:22:00 AM","PE","14550","Buy","25","57.75","46.20","","-288.75"
"115","2021-04-22"," 9:17:00 AM","2021-04-22"," 2:49:00 PM","","","","","","","23.16","4695.00"
"115.1","2021-04-22"," 9:17:00 AM","2021-04-22"," 2:49:00 PM","CE","14150","Buy","25","79.35","279.35","","5000.00"
"115.2","2021-04-22"," 9:17:00 AM","2021-04-22"," 9:22:00 AM","PE","14150","Buy","25","60.90","48.70","","-305.00"
"116","2021-04-29"," 9:17:00 AM","2021-04-29"," 9:47:00 AM","","","","","","","22.25","-553.75"
"116.1","2021-04-29"," 9:17:00 AM","2021-04-29"," 9:47:00 AM","CE","15000","Buy","25","61.75","49.40","","-308.75"
"116.2","2021-04-29"," 9:17:00 AM","2021-04-29"," 9:21:00 AM","PE","15000","Buy","25","48.90","39.10","","-245.00"
"117","2021-05-06"," 9:17:00 AM","2021-05-06"," 9:51:00 AM","","","","","","","21.86","-526.25"
"117.1","2021-05-06"," 9:17:00 AM","2021-05-06"," 9:18:00 AM","CE","14700","Buy","25","39.15","31.30","","-196.25"
"117.2","2021-05-06"," 9:17:00 AM","2021-05-06"," 9:51:00 AM","PE","14700","Buy","25","65.90","52.70","","-330.00"
"118","2021-05-12"," 9:17:00 AM","2021-05-12"," 3:15:00 PM","","","","","","","19.83","1057.50"
"118.1","2021-05-12"," 9:17:00 AM","2021-05-12"," 9:26:00 AM","CE","14800","Buy","25","43.45","34.75","","-217.50"
"118.2","2021-05-12"," 9:17:00 AM","2021-05-12"," 3:15:00 PM","PE","14800","Buy","25","47.85","98.85","","1275.00"
"119","2021-05-20"," 9:17:00 AM","2021-05-20"," 3:15:00 PM","","","","","","","19.08","2352.50"
"119.1","2021-05-20"," 9:17:00 AM","2021-05-20"," 9:23:00 AM","CE","15050","Buy","25","47.15","37.70","","-236.25"
"119.2","2021-05-20"," 9:17:00 AM","2021-05-20"," 3:15:00 PM","PE","15050","Buy","25","40.65","144.20","","2588.75"
"120","2021-05-27"," 9:17:00 AM","2021-05-27"," 10:54:00 AM","","","","","","","20.99","-432.50"
"120.1","2021-05-27"," 9:17:00 AM","2021-05-27"," 9:25:00 AM","CE","15300","Buy","25","47.70","38.15","","-238.75"
"120.2","2021-05-27"," 9:17:00 AM","2021-05-27"," 10:54:00 AM","PE","15300","Buy","25","38.80","31.05","","-193.75"
"121","2021-06-03"," 9:17:00 AM","2021-06-03"," 10:46:00 AM","","","","","","","15.78","-353.75"
"121.1","2021-06-03"," 9:17:00 AM","2021-06-03"," 10:46:00 AM","CE","15650","Buy","25","30.95","24.75","","-155.00"
"121.2","2021-06-03"," 9:17:00 AM","2021-06-03"," 9:25:00 AM","PE","15650","Buy","25","39.75","31.80","","-198.75"
"122","2021-06-10"," 9:17:00 AM","2021-06-10"," 9:35:00 AM","","","","","","","14.61","-413.75"
"122.1","2021-06-10"," 9:17:00 AM","2021-06-10"," 9:21:00 AM","CE","15700","Buy","25","29.65","23.70","","-148.75"
"122.2","2021-06-10"," 9:17:00 AM","2021-06-10"," 9:35:00 AM","PE","15700","Buy","25","53.00","42.40","","-265.00"
"123","2021-06-17"," 9:17:00 AM","2021-06-17"," 2:07:00 PM","","","","","","","15.30","-488.75"
"123.1","2021-06-17"," 9:17:00 AM","2021-06-17"," 2:07:00 PM","CE","15650","Buy","25","63.00","50.40","","-315.00"
"123.2","2021-06-17"," 9:17:00 AM","2021-06-17"," 9:24:00 AM","PE","15650","Buy","25","34.70","27.75","","-173.75"
"124","2021-06-24"," 9:17:00 AM","2021-06-24"," 9:31:00 AM","","","","","","","15.40","-471.25"
"124.1","2021-06-24"," 9:17:00 AM","2021-06-24"," 9:22:00 AM","CE","15750","Buy","25","32.85","26.30","","-163.75"
"124.2","2021-06-24"," 9:17:00 AM","2021-06-24"," 9:31:00 AM","PE","15750","Buy","25","61.40","49.10","","-307.50"
"125","2021-07-01"," 9:17:00 AM","2021-07-01"," 1:25:00 PM","","","","","","","13.04","-343.75"
"125.1","2021-07-01"," 9:17:00 AM","2021-07-01"," 9:21:00 AM","CE","15750","Buy","25","26.90","21.50","","-135.00"
"125.2","2021-07-01"," 9:17:00 AM","2021-07-01"," 1:25:00 PM","PE","15750","Buy","25","41.70","33.35","","-208.75"
"126","2021-07-08"," 9:17:00 AM","2021-07-08"," 9:50:00 AM","","","","","","","12.46","-337.50"
"126.1","2021-07-08"," 9:17:00 AM","2021-07-08"," 9:50:00 AM","CE","15850","Buy","25","41.05","32.85","","-205.00"
"126.2","2021-07-08"," 9:17:00 AM","2021-07-08"," 9:35:00 AM","PE","15850","Buy","25","26.50","21.20","","-132.50"
"127","2021-07-15"," 9:17:00 AM","2021-07-15"," 3:15:00 PM","","","","","","","12.65","-71.25"
"127.1","2021-07-15"," 9:17:00 AM","2021-07-15"," 3:15:00 PM","CE","15900","Buy","25","16.45","23.30","","171.25"
"127.2","2021-07-15"," 9:17:00 AM","2021-07-15"," 9:28:00 AM","PE","15900","Buy","25","48.40","38.70","","-242.50"
"128","2021-07-22"," 9:17:00 AM","2021-07-22"," 3:15:00 PM","","","","","","","12.78","786.25"
"128.1","2021-07-22"," 9:17:00 AM","2021-07-22"," 3:15:00 PM","CE","15750","Buy","25","24.35","64.95","","1015.00"
"128.2","2021-07-22"," 9:17:00 AM","2021-07-22"," 9:20:00 AM","PE","15750","Buy","25","45.80","36.65","","-228.75"
"129","2021-07-29"," 9:17:00 AM","2021-07-29"," 9:24:00 AM","","","","","","","13.27","-388.75"
"129.1","2021-07-29"," 9:17:00 AM","2021-07-29"," 9:24:00 AM","CE","15800","Buy","25","20.70","16.55","","-103.75"
"129.2","2021-07-29"," 9:17:00 AM","2021-07-29"," 9:22:00 AM","PE","15800","Buy","25","57.05","45.65","","-285.00"
"130","2021-08-05"," 9:17:00 AM","2021-08-05"," 12:17:00 PM","","","","","","","13.26","-401.25"
"130.1","2021-08-05"," 9:17:00 AM","2021-08-05"," 9:18:00 AM","CE","16300","Buy","25","25.10","20.10","","-125.00"
"130.2","2021-08-05"," 9:17:00 AM","2021-08-05"," 12:17:00 PM","PE","16300","Buy","25","51.55","40.50","","-276.25"
"131","2021-08-12"," 9:17:00 AM","2021-08-12"," 10:02:00 AM","","","","","","","12.57","-338.75"
"131.1","2021-08-12"," 9:17:00 AM","2021-08-12"," 9:23:00 AM","CE","16300","Buy","25","40.10","32.10","","-200.00"
"131.2","2021-08-12"," 9:17:00 AM","2021-08-12"," 10:02:00 AM","PE","16300","Buy","25","27.70","22.15","","-138.75"
"132","2021-08-18"," 9:17:00 AM","2021-08-18"," 11:48:00 AM","","","","","","","13.37","-343.75"
"132.1","2021-08-18"," 9:17:00 AM","2021-08-18"," 11:48:00 AM","CE","16650","Buy","25","36.85","29.50","","-183.75"
"132.2","2021-08-18"," 9:17:00 AM","2021-08-18"," 9:19:00 AM","PE","16650","Buy","25","32.00","25.60","","-160.00"
"133","2021-08-26"," 9:17:00 AM","2021-08-26"," 12:51:00 PM","","","","","","","13.09","-382.50"
"133.1","2021-08-26"," 9:17:00 AM","2021-08-26"," 12:51:00 PM","CE","16600","Buy","25","44.40","35.50","","-222.50"
"133.2","2021-08-26"," 9:17:00 AM","2021-08-26"," 9:28:00 AM","PE","16600","Buy","25","32.05","25.65","","-160.00"
"134","2021-09-02"," 9:17:00 AM","2021-09-02"," 3:15:00 PM","","","","","","","14.04","2328.75"
"134.1","2021-09-02"," 9:17:00 AM","2021-09-02"," 3:15:00 PM","CE","17100","Buy","25","30.40","132.90","","2562.50"
"134.2","2021-09-02"," 9:17:00 AM","2021-09-02"," 9:20:00 AM","PE","17100","Buy","25","46.80","37.45","","-233.75"
"135","2021-09-09"," 9:17:00 AM","2021-09-09"," 10:35:00 AM","","","","","","","13.90","-380.00"
"135.1","2021-09-09"," 9:17:00 AM","2021-09-09"," 9:23:00 AM","CE","17350","Buy","25","31.45","25.15","","-157.50"
"135.2","2021-09-09"," 9:17:00 AM","2021-09-09"," 10:35:00 AM","PE","17350","Buy","25","44.40","35.50","","-222.50"
"136","2021-09-16"," 9:17:00 AM","2021-09-16"," 9:33:00 AM","","","","","","","13.82","-325.00"
"136.1","2021-09-16"," 9:17:00 AM","2021-09-16"," 9:29:00 AM","CE","17550","Buy","25","35.85","28.70","","-178.75"
"136.2","2021-09-16"," 9:17:00 AM","2021-09-16"," 9:33:00 AM","PE","17550","Buy","25","29.15","23.30","","-146.25"
"137","2021-09-23"," 9:17:00 AM","2021-09-23"," 3:15:00 PM","","","","","","","15.88","3125.00"
"137.1","2021-09-23"," 9:17:00 AM","2021-09-23"," 3:15:00 PM","CE","17650","Buy","25","44.70","177.25","","3313.75"
"137.2","2021-09-23"," 9:17:00 AM","2021-09-23"," 9:23:00 AM","PE","17650","Buy","25","37.85","30.30","","-188.75"
"138","2021-09-30"," 9:17:00 AM","2021-09-30"," 9:42:00 AM","","","","","","","18.75","-518.75"
"138.1","2021-09-30"," 9:17:00 AM","2021-09-30"," 9:27:00 AM","CE","17700","Buy","25","50.35","40.30","","-251.25"
"138.2","2021-09-30"," 9:17:00 AM","2021-09-30"," 9:42:00 AM","PE","17700","Buy","25","53.60","42.90","","-267.50"
"139","2021-10-07"," 9:17:00 AM","2021-10-07"," 2:36:00 PM","","","","","","","16.14","-422.50"
"139.1","2021-10-07"," 9:17:00 AM","2021-10-07"," 2:36:00 PM","CE","17800","Buy","25","31.85","25.50","","-158.75"
"139.2","2021-10-07"," 9:17:00 AM","2021-10-07"," 9:29:00 AM","PE","17800","Buy","25","52.65","42.10","","-263.75"
"140","2021-10-14"," 9:17:00 AM","2021-10-14"," 10:37:00 AM","","","","","","","16.08","-446.25"
"140.1","2021-10-14"," 9:17:00 AM","2021-10-14"," 10:37:00 AM","CE","18300","Buy","25","19.75","15.80","","-98.75"
"140.2","2021-10-14"," 9:17:00 AM","2021-10-14"," 9:22:00 AM","PE","18300","Buy","25","69.55","55.65","","-347.50"
"141","2021-10-21"," 9:17:00 AM","2021-10-21"," 1:37:00 PM","","","","","","","17.96","4748.75"
"141.1","2021-10-21"," 9:17:00 AM","2021-10-21"," 9:21:00 AM","CE","18350","Buy","25","50.20","40.15","","-251.25"
"141.2","2021-10-21"," 9:17:00 AM","2021-10-21"," 1:37:00 PM","PE","18350","Buy","25","52.90","252.90","","5000.00"
"142","2021-10-28"," 9:17:00 AM","2021-10-28"," 2:49:00 PM","","","","","","","17.13","4666.25"
"142.1","2021-10-28"," 9:17:00 AM","2021-10-28"," 9:21:00 AM","CE","18150","Buy","25","66.75","53.40","","-333.75"
"142.2","2021-10-28"," 9:17:00 AM","2021-10-28"," 2:49:00 PM","PE","18150","Buy","25","59.60","259.60","","5000.00"
"143","2021-11-03"," 9:17:00 AM","2021-11-03"," 11:35:00 AM","","","","","","","16.84","-518.75"
"143.1","2021-11-03"," 9:17:00 AM","2021-11-03"," 11:35:00 AM","CE","17950","Buy","25","56.60","45.30","","-282.50"
"143.2","2021-11-03"," 9:17:00 AM","2021-11-03"," 9:34:00 AM","PE","17950","Buy","25","47.15","37.70","","-236.25"
"144","2021-11-11"," 9:17:00 AM","2021-11-11"," 3:15:00 PM","","","","","","","16.25","490.00"
"144.1","2021-11-11"," 9:17:00 AM","2021-11-11"," 9:27:00 AM","CE","17950","Buy","25","51.45","41.15","","-257.50"
"144.2","2021-11-11"," 9:17:00 AM","2021-11-11"," 3:15:00 PM","PE","17950","Buy","25","51.65","81.55","","747.50"
"145","2021-11-18"," 9:17:00 AM","2021-11-18"," 3:15:00 PM","","","","","","","14.56","2792.50"
"145.1","2021-11-18"," 9:17:00 AM","2021-11-18"," 9:30:00 AM","CE","17950","Buy","25","34.15","27.30","","-171.25"
"145.2","2021-11-18"," 9:17:00 AM","2021-11-18"," 3:15:00 PM","PE","17950","Buy","25","65.50","184.05","","2963.75"
"146","2021-11-25"," 9:17:00 AM","2021-11-25"," 9:29:00 AM","","","","","","","16.34","-582.50"
"146.1","2021-11-25"," 9:17:00 AM","2021-11-25"," 9:29:00 AM","CE","17400","Buy","25","61.80","49.45","","-308.75"
"146.2","2021-11-25"," 9:17:00 AM","2021-11-25"," 9:20:00 AM","PE","17400","Buy","25","54.85","43.90","","-273.75"
"147","2021-12-02"," 9:17:00 AM","2021-12-02"," 3:15:00 PM","","","","","","","19.05","3008.75"
"147.1","2021-12-02"," 9:17:00 AM","2021-12-02"," 3:15:00 PM","CE","17200","Buy","25","61.70","196.85","","3378.75"
"147.2","2021-12-02"," 9:17:00 AM","2021-12-02"," 9:21:00 AM","PE","17200","Buy","25","72.45","57.65","","-370.00"
"148","2021-12-09"," 9:17:00 AM","2021-12-09"," 12:56:00 PM","","","","","","","16.55","-511.25"
"148.1","2021-12-09"," 9:17:00 AM","2021-12-09"," 9:20:00 AM","CE","17550","Buy","25","39.40","31.50","","-197.50"
"148.2","2021-12-09"," 9:17:00 AM","2021-12-09"," 12:56:00 PM","PE","17550","Buy","25","62.70","50.15","","-313.75"
"149","2021-12-16"," 9:17:00 AM","2021-12-16"," 3:15:00 PM","","","","","","","16.03","1396.25"
"149.1","2021-12-16"," 9:17:00 AM","2021-12-16"," 9:24:00 AM","CE","17350","Buy","25","50.80","40.65","","-253.75"
"149.2","2021-12-16"," 9:17:00 AM","2021-12-16"," 3:15:00 PM","PE","17350","Buy","25","50.15","116.15","","1650.00"
"150","2021-12-23"," 9:17:00 AM","2021-12-23"," 10:19:00 AM","","","","","","","16.33","-476.25"
"150.1","2021-12-23"," 9:17:00 AM","2021-12-23"," 10:19:00 AM","CE","17050","Buy","25","47.95","38.35","","-240.00"
"150.2","2021-12-23"," 9:17:00 AM","2021-12-23"," 9:31:00 AM","PE","17050","Buy","25","47.25","37.80","","-236.25"
"151","2021-12-30"," 9:17:00 AM","2021-12-30"," 3:01:00 PM","","","","","","","16.49","-516.25"
"151.1","2021-12-30"," 9:17:00 AM","2021-12-30"," 3:01:00 PM","CE","17150","Buy","25","61.15","48.90","","-306.25"
"151.2","2021-12-30"," 9:17:00 AM","2021-12-30"," 9:18:00 AM","PE","17150","Buy","25","41.90","33.50","","-210.00"
"152","2022-01-06"," 9:17:00 AM","2022-01-06"," 1:38:00 PM","","","","","","","17.66","-505.00"
"152.1","2022-01-06"," 9:17:00 AM","2022-01-06"," 9:18:00 AM","CE","17750","Buy","25","66.55","53.25","","-332.50"
"152.2","2022-01-06"," 9:17:00 AM","2022-01-06"," 1:38:00 PM","PE","17750","Buy","25","34.60","27.70","","-172.50"
"153","2022-01-13"," 9:17:00 AM","2022-01-13"," 10:10:00 AM","","","","","","","17.44","-505.00"
"153.1","2022-01-13"," 9:17:00 AM","2022-01-13"," 10:10:00 AM","CE","18200","Buy","25","56.25","45.00","","-281.25"
"153.2","2022-01-13"," 9:17:00 AM","2022-01-13"," 9:18:00 AM","PE","18200","Buy","25","44.65","35.70","","-223.75"
"154","2022-01-20"," 9:17:00 AM","2022-01-20"," 9:41:00 AM","","","","","","","17.92","-476.25"
"154.1","2022-01-20"," 9:17:00 AM","2022-01-20"," 9:22:00 AM","CE","17900","Buy","25","56.05","44.85","","-280.00"
"154.2","2022-01-20"," 9:17:00 AM","2022-01-20"," 9:41:00 AM","PE","17900","Buy","25","39.35","31.50","","-196.25"
"155","2022-01-27"," 9:17:00 AM","2022-01-27"," 9:32:00 AM","","","","","","","23.41","-962.50"
"155.1","2022-01-27"," 9:17:00 AM","2022-01-27"," 9:32:00 AM","CE","17000","Buy","25","82.30","65.85","","-411.25"
"155.2","2022-01-27"," 9:17:00 AM","2022-01-27"," 9:18:00 AM","PE","17000","Buy","25","110.25","88.20","","-551.25"
"156","2022-02-03"," 9:17:00 AM","2022-02-03"," 3:15:00 PM","","","","","","","18.64","2951.25"
"156.1","2022-02-03"," 9:17:00 AM","2022-02-03"," 9:18:00 AM","CE","17750","Buy","25","53.05","42.45","","-265.00"
"156.2","2022-02-03"," 9:17:00 AM","2022-02-03"," 3:15:00 PM","PE","17750","Buy","25","42.95","171.60","","3216.25"
"157","2022-02-10"," 9:17:00 AM","2022-02-10"," 10:17:00 AM","","","","","","","18.71","-515.00"
"157.1","2022-02-10"," 9:17:00 AM","2022-02-10"," 9:20:00 AM","CE","17550","Buy","25","40.55","32.45","","-202.50"
"157.2","2022-02-10"," 9:17:00 AM","2022-02-10"," 10:17:00 AM","PE","17550","Buy","25","62.60","50.10","","-312.50"
"158","2022-02-17"," 9:17:00 AM","2022-02-17"," 9:27:00 AM","","","","","","","20.25","-531.25"
"158.1","2022-02-17"," 9:17:00 AM","2022-02-17"," 9:27:00 AM","CE","17400","Buy","25","54.75","43.80","","-273.75"
"158.2","2022-02-17"," 9:17:00 AM","2022-02-17"," 9:21:00 AM","PE","17400","Buy","25","51.50","41.20","","-257.50"
"159","2022-02-24"," 9:17:00 AM","2022-02-24"," 11:34:00 AM","","","","","","","29.41","-1183.75"
"159.1","2022-02-24"," 9:17:00 AM","2022-02-24"," 9:23:00 AM","CE","16650","Buy","25","143.85","115.10","","-718.75"
"159.2","2022-02-24"," 9:17:00 AM","2022-02-24"," 11:34:00 AM","PE","16650","Buy","25","93.00","74.40","","-465.00"
"160","2022-03-03"," 9:17:00 AM","2022-03-03"," 3:04:00 PM","","","","","","","27.57","4623.75"
"160.1","2022-03-03"," 9:17:00 AM","2022-03-03"," 9:20:00 AM","CE","16750","Buy","25","75.25","60.20","","-376.25"
"160.2","2022-03-03"," 9:17:00 AM","2022-03-03"," 3:04:00 PM","PE","16750","Buy","25","79.30","279.30","","5000.00"
"161","2022-03-10"," 9:17:00 AM","2022-03-10"," 9:36:00 AM","","","","","","","25.18","-810.00"
"161.1","2022-03-10"," 9:17:00 AM","2022-03-10"," 9:36:00 AM","CE","16650","Buy","25","74.70","59.75","","-373.75"
"161.2","2022-03-10"," 9:17:00 AM","2022-03-10"," 9:20:00 AM","PE","16650","Buy","25","87.35","69.90","","-436.25"
"162","2022-03-17"," 9:17:00 AM","2022-03-17"," 3:15:00 PM","","","","","","","22.39","-142.50"
"162.1","2022-03-17"," 9:17:00 AM","2022-03-17"," 3:15:00 PM","CE","17200","Buy","25","68.45","77.45","","225.00"
"162.2","2022-03-17"," 9:17:00 AM","2022-03-17"," 9:20:00 AM","PE","17200","Buy","25","73.55","58.85","","-367.50"
"163","2022-03-24"," 9:17:00 AM","2022-03-24"," 12:23:00 PM","","","","","","","25.04","-651.25"
"163.1","2022-03-24"," 9:17:00 AM","2022-03-24"," 12:23:00 PM","CE","17150","Buy","25","62.55","50.05","","-312.50"
"163.2","2022-03-24"," 9:17:00 AM","2022-03-24"," 9:22:00 AM","PE","17150","Buy","25","67.85","54.30","","-338.75"
"164","2022-03-31"," 9:17:00 AM","2022-03-31"," 9:40:00 AM","","","","","","","20.68","-486.25"
"164.1","2022-03-31"," 9:17:00 AM","2022-03-31"," 9:25:00 AM","CE","17550","Buy","25","42.30","33.85","","-211.25"
"164.2","2022-03-31"," 9:17:00 AM","2022-03-31"," 9:40:00 AM","PE","17550","Buy","25","54.90","43.90","","-275.00"
"165","2022-04-07"," 9:17:00 AM","2022-04-07"," 10:16:00 AM","","","","","","","19.39","-475.00"
"165.1","2022-04-07"," 9:17:00 AM","2022-04-07"," 9:23:00 AM","CE","17750","Buy","25","38.00","30.40","","-190.00"
"165.2","2022-04-07"," 9:17:00 AM","2022-04-07"," 10:16:00 AM","PE","17750","Buy","25","57.05","45.65","","-285.00"
"166","2022-04-13"," 9:17:00 AM","2022-04-13"," 10:03:00 AM","","","","","","","17.51","-408.75"
"166.1","2022-04-13"," 9:17:00 AM","2022-04-13"," 10:03:00 AM","CE","17600","Buy","25","47.40","37.90","","-237.50"
"166.2","2022-04-13"," 9:17:00 AM","2022-04-13"," 9:21:00 AM","PE","17600","Buy","25","34.25","27.40","","-171.25"
"167","2022-04-21"," 9:17:00 AM","2022-04-21"," 9:43:00 AM","","","","","","","18.05","-430.00"
"167.1","2022-04-21"," 9:17:00 AM","2022-04-21"," 9:26:00 AM","CE","17250","Buy","25","39.80","31.85","","-198.75"
"167.2","2022-04-21"," 9:17:00 AM","2022-04-21"," 9:43:00 AM","PE","17250","Buy","25","46.25","37.00","","-231.25"
"168","2022-04-28"," 9:17:00 AM","2022-04-28"," 11:27:00 AM","","","","","","","20.14","-531.25"
"168.1","2022-04-28"," 9:17:00 AM","2022-04-28"," 9:23:00 AM","CE","17150","Buy","25","40.65","32.50","","-203.75"
"168.2","2022-04-28"," 9:17:00 AM","2022-04-28"," 11:27:00 AM","PE","17150","Buy","25","65.50","52.40","","-327.50"
"169","2022-05-05"," 9:17:00 AM","2022-05-05"," 9:43:00 AM","","","","","","","20.44","-593.75"
"169.1","2022-05-05"," 9:17:00 AM","2022-05-05"," 9:22:00 AM","CE","16850","Buy","25","51.50","41.20","","-257.50"
"169.2","2022-05-05"," 9:17:00 AM","2022-05-05"," 9:43:00 AM","PE","16850","Buy","25","67.15","53.70","","-336.25"
"170","2022-05-12"," 9:17:00 AM","2022-05-12"," 3:15:00 PM","","","","","","","23.25","2715.00"
"170.1","2022-05-12"," 9:17:00 AM","2022-05-12"," 9:19:00 AM","CE","16000","Buy","25","62.70","50.15","","-313.75"
"170.2","2022-05-12"," 9:17:00 AM","2022-05-12"," 3:15:00 PM","PE","16000","Buy","25","72.00","193.15","","3028.75"
"171","2022-05-19"," 9:17:00 AM","2022-05-19"," 10:08:00 AM","","","","","","","23.40","-760.00"
"171.1","2022-05-19"," 9:17:00 AM","2022-05-19"," 9:19:00 AM","CE","15950","Buy","25","78.80","63.05","","-393.75"
"171.2","2022-05-19"," 9:17:00 AM","2022-05-19"," 10:08:00 AM","PE","15950","Buy","25","73.30","58.65","","-366.25"
"172","2022-05-26"," 9:17:00 AM","2022-05-26"," 1:08:00 PM","","","","","","","24.46","-633.75"
"172.1","2022-05-26"," 9:17:00 AM","2022-05-26"," 9:22:00 AM","CE","16100","Buy","25","60.10","48.10","","-300.00"
"172.2","2022-05-26"," 9:17:00 AM","2022-05-26"," 1:08:00 PM","PE","16100","Buy","25","66.65","53.30","","-333.75"
"173","2022-06-02"," 9:17:00 AM","2022-06-02"," 3:15:00 PM","","","","","","","20.30","2695.00"
"173.1","2022-06-02"," 9:17:00 AM","2022-06-02"," 3:15:00 PM","CE","16450","Buy","25","56.70","177.00","","3007.50"
"173.2","2022-06-02"," 9:17:00 AM","2022-06-02"," 9:23:00 AM","PE","16450","Buy","25","62.60","50.10","","-312.50"
"174","2022-06-09"," 9:17:00 AM","2022-06-09"," 3:15:00 PM","","","","","","","19.65","3885.00"
"174.1","2022-06-09"," 9:17:00 AM","2022-06-09"," 3:15:00 PM","CE","16250","Buy","25","56.05","221.40","","4133.75"
"174.2","2022-06-09"," 9:17:00 AM","2022-06-09"," 9:19:00 AM","PE","16250","Buy","25","49.65","39.70","","-248.75"
"175","2022-06-16"," 9:17:00 AM","2022-06-16"," 11:44:00 AM","","","","","","","20.91","4682.50"
"175.1","2022-06-16"," 9:17:00 AM","2022-06-16"," 9:22:00 AM","CE","15850","Buy","25","63.40","50.70","","-317.50"
"175.2","2022-06-16"," 9:17:00 AM","2022-06-16"," 11:44:00 AM","PE","15850","Buy","25","55.25","255.25","","5000.00"
"176","2022-06-23"," 9:17:00 AM","2022-06-23"," 12:48:00 PM","","","","","","","21.34","-606.25"
"176.1","2022-06-23"," 9:17:00 AM","2022-06-23"," 12:48:00 PM","CE","15400","Buy","25","69.25","55.40","","-346.25"
"176.2","2022-06-23"," 9:17:00 AM","2022-06-23"," 9:19:00 AM","PE","15400","Buy","25","52.05","41.65","","-260.00"
"177","2022-06-30"," 9:17:00 AM","2022-06-30"," 10:13:00 AM","","","","","","","22.08","-698.75"
"177.1","2022-06-30"," 9:17:00 AM","2022-06-30"," 10:13:00 AM","CE","15850","Buy","25","63.35","50.70","","-316.25"
"177.2","2022-06-30"," 9:17:00 AM","2022-06-30"," 9:37:00 AM","PE","15850","Buy","25","76.45","61.15","","-382.50"
"178","2022-07-07"," 9:17:00 AM","2022-07-07"," 10:38:00 AM","","","","","","","19.66","-568.75"
"178.1","2022-07-07"," 9:17:00 AM","2022-07-07"," 9:28:00 AM","CE","16100","Buy","25","61.65","49.30","","-308.75"
"178.2","2022-07-07"," 9:17:00 AM","2022-07-07"," 10:38:00 AM","PE","16100","Buy","25","51.90","41.50","","-260.00"
"179","2022-07-14"," 9:17:00 AM","2022-07-14"," 11:11:00 AM","","","","","","","18.48","-582.50"
"179.1","2022-07-14"," 9:17:00 AM","2022-07-14"," 11:11:00 AM","CE","16000","Buy","25","57.70","46.15","","-288.75"
"179.2","2022-07-14"," 9:17:00 AM","2022-07-14"," 9:21:00 AM","PE","16000","Buy","25","58.85","47.10","","-293.75"
"180","2022-07-21"," 9:17:00 AM","2022-07-21"," 1:54:00 PM","","","","","","","16.97","-435.00"
"180.1","2022-07-21"," 9:17:00 AM","2022-07-21"," 1:54:00 PM","CE","16500","Buy","25","40.35","32.30","","-201.25"
"180.2","2022-07-21"," 9:17:00 AM","2022-07-21"," 9:19:00 AM","PE","16500","Buy","25","46.70","37.35","","-233.75"
"181","2022-07-28"," 9:17:00 AM","2022-07-28"," 10:00:00 AM","","","","","","","17.47","-491.25"
"181.1","2022-07-28"," 9:17:00 AM","2022-07-28"," 9:21:00 AM","CE","16800","Buy","25","40.75","32.60","","-203.75"
"181.2","2022-07-28"," 9:17:00 AM","2022-07-28"," 10:00:00 AM","PE","16800","Buy","25","57.55","46.05","","-287.50"
"182","2022-08-04"," 9:17:00 AM","2022-08-04"," 9:49:00 AM","","","","","","","18.25","-511.25"
"182.1","2022-08-04"," 9:17:00 AM","2022-08-04"," 9:25:00 AM","CE","17500","Buy","25","36.85","29.50","","-183.75"
"182.2","2022-08-04"," 9:17:00 AM","2022-08-04"," 9:49:00 AM","PE","17500","Buy","25","65.40","52.30","","-327.50"
"183","2022-08-11"," 9:17:00 AM","2022-08-11"," 10:03:00 AM","","","","","","","18.95","-503.75"
"183.1","2022-08-11"," 9:17:00 AM","2022-08-11"," 9:28:00 AM","CE","17700","Buy","25","50.65","40.50","","-253.75"
"183.2","2022-08-11"," 9:17:00 AM","2022-08-11"," 10:03:00 AM","PE","17700","Buy","25","49.95","39.95","","-250.00"
"184","2022-08-18"," 9:17:00 AM","2022-08-18"," 9:46:00 AM","","","","","","","17.69","-496.25"
"184.1","2022-08-18"," 9:17:00 AM","2022-08-18"," 9:25:00 AM","CE","17900","Buy","25","58.15","46.50","","-291.25"
"184.2","2022-08-18"," 9:17:00 AM","2022-08-18"," 9:46:00 AM","PE","17900","Buy","25","40.90","32.70","","-205.00"
"185","2022-08-25"," 9:17:00 AM","2022-08-25"," 11:22:00 AM","","","","","","","17.67","-473.75"
"185.1","2022-08-25"," 9:17:00 AM","2022-08-25"," 11:22:00 AM","CE","17650","Buy","25","57.15","45.70","","-286.25"
"185.2","2022-08-25"," 9:17:00 AM","2022-08-25"," 9:20:00 AM","PE","17650","Buy","25","37.55","30.05","","-187.50"
"186","2022-09-01"," 9:17:00 AM","2022-09-01"," 9:33:00 AM","","","","","","","18.39","-800.00"
"186.1","2022-09-01"," 9:17:00 AM","2022-09-01"," 9:18:00 AM","CE","17550","Buy","25","87.25","69.80","","-436.25"
"186.2","2022-09-01"," 9:17:00 AM","2022-09-01"," 9:33:00 AM","PE","17550","Buy","25","67.40","52.85","","-363.75"
"187","2022-09-08"," 9:17:00 AM","2022-09-08"," 10:43:00 AM","","","","","","","18.50","-533.75"
"187.1","2022-09-08"," 9:17:00 AM","2022-09-08"," 10:43:00 AM","CE","17750","Buy","25","52.15","41.70","","-261.25"
"187.2","2022-09-08"," 9:17:00 AM","2022-09-08"," 9:26:00 AM","PE","17750","Buy","25","53.60","42.70","","-272.50"
"188","2022-09-15"," 9:17:00 AM","2022-09-15"," 3:15:00 PM","","","","","","","17.95","3511.25"
"188.1","2022-09-15"," 9:17:00 AM","2022-09-15"," 9:31:00 AM","CE","18100","Buy","25","47.45","37.95","","-237.50"
"188.2","2022-09-15"," 9:17:00 AM","2022-09-15"," 3:15:00 PM","PE","18100","Buy","25","69.10","219.05","","3748.75"
"189","2022-09-22"," 9:17:00 AM","2022-09-22"," 10:22:00 AM","","","","","","","19.49","-866.25"
"189.1","2022-09-22"," 9:17:00 AM","2022-09-22"," 10:22:00 AM","CE","17600","Buy","25","83.30","66.65","","-416.25"
"189.2","2022-09-22"," 9:17:00 AM","2022-09-22"," 9:19:00 AM","PE","17600","Buy","25","89.90","71.90","","-450.00"
"190","2022-09-29"," 9:17:00 AM","2022-09-29"," 9:32:00 AM","","","","","","","21.46","-536.25"
"190.1","2022-09-29"," 9:17:00 AM","2022-09-29"," 9:32:00 AM","CE","17000","Buy","25","54.40","43.50","","-272.50"
"190.2","2022-09-29"," 9:17:00 AM","2022-09-29"," 9:22:00 AM","PE","17000","Buy","25","52.65","42.10","","-263.75"
"191","2022-10-06"," 9:17:00 AM","2022-10-06"," 10:01:00 AM","","","","","","","19.62","-555.00"
"191.1","2022-10-06"," 9:17:00 AM","2022-10-06"," 9:20:00 AM","CE","17400","Buy","25","56.10","44.90","","-280.00"
"191.2","2022-10-06"," 9:17:00 AM","2022-10-06"," 10:01:00 AM","PE","17400","Buy","25","54.90","43.90","","-275.00"
"192","2022-10-13"," 9:17:00 AM","2022-10-13"," 2:26:00 PM","","","","","","","20.42","-596.25"
"192.1","2022-10-13"," 9:17:00 AM","2022-10-13"," 9:21:00 AM","CE","17100","Buy","25","55.95","44.75","","-280.00"
"192.2","2022-10-13"," 9:17:00 AM","2022-10-13"," 2:26:00 PM","PE","17100","Buy","25","63.15","50.50","","-316.25"
"193","2022-10-20"," 9:17:00 AM","2022-10-20"," 3:15:00 PM","","","","","","","17.36","1632.50"
"193.1","2022-10-20"," 9:17:00 AM","2022-10-20"," 3:15:00 PM","CE","17450","Buy","25","29.80","107.45","","1941.25"
"193.2","2022-10-20"," 9:17:00 AM","2022-10-20"," 9:20:00 AM","PE","17450","Buy","25","61.65","49.30","","-308.75"
"194","2022-10-27"," 9:17:00 AM","2022-10-27"," 9:50:00 AM","","","","","","","16.93","-463.75"
"194.1","2022-10-27"," 9:17:00 AM","2022-10-27"," 9:50:00 AM","CE","17750","Buy","25","54.65","43.70","","-273.75"
"194.2","2022-10-27"," 9:17:00 AM","2022-10-27"," 9:21:00 AM","PE","17750","Buy","25","37.95","30.35","","-190.00"
"195","2022-11-03"," 9:17:00 AM","2022-11-03"," 12:47:00 PM","","","","","","","16.49","-535.00"
"195.1","2022-11-03"," 9:17:00 AM","2022-11-03"," 12:47:00 PM","CE","18000","Buy","25","56.65","45.30","","-283.75"
"195.2","2022-11-03"," 9:17:00 AM","2022-11-03"," 9:28:00 AM","PE","18000","Buy","25","50.30","40.25","","-251.25"
"196","2022-11-10"," 9:17:00 AM","2022-11-10"," 9:33:00 AM","","","","","","","16.02","-431.25"
"196.1","2022-11-10"," 9:17:00 AM","2022-11-10"," 9:33:00 AM","CE","18050","Buy","25","51.40","41.10","","-257.50"
"196.2","2022-11-10"," 9:17:00 AM","2022-11-10"," 9:20:00 AM","PE","18050","Buy","25","33.95","27.00","","-173.75"
"197","2022-11-17"," 9:17:00 AM","2022-11-17"," 11:14:00 AM","","","","","","","15.33","-395.00"
"197.1","2022-11-17"," 9:17:00 AM","2022-11-17"," 11:14:00 AM","CE","18350","Buy","25","47.15","37.70","","-236.25"
"197.2","2022-11-17"," 9:17:00 AM","2022-11-17"," 9:20:00 AM","PE","18350","Buy","25","31.75","25.40","","-158.75"
"198","2022-11-24"," 9:17:00 AM","2022-11-24"," 9:32:00 AM","","","","","","","13.48","-288.75"
"198.1","2022-11-24"," 9:17:00 AM","2022-11-24"," 9:21:00 AM","CE","18300","Buy","25","33.25","26.60","","-166.25"
"198.2","2022-11-24"," 9:17:00 AM","2022-11-24"," 9:32:00 AM","PE","18300","Buy","25","24.40","19.50","","-122.50"
"199","2022-12-01"," 9:17:00 AM","2022-12-01"," 9:50:00 AM","","","","","","","13.59","-373.75"
"199.1","2022-12-01"," 9:17:00 AM","2022-12-01"," 9:50:00 AM","CE","18850","Buy","25","34.65","27.70","","-173.75"
"199.2","2022-12-01"," 9:17:00 AM","2022-12-01"," 9:19:00 AM","PE","18850","Buy","25","39.90","31.90","","-200.00"
"200","2022-12-08"," 9:17:00 AM","2022-12-08"," 9:24:00 AM","","","","","","","14.07","-450.00"
"200.1","2022-12-08"," 9:17:00 AM","2022-12-08"," 9:24:00 AM","CE","18550","Buy","25","49.65","39.70","","-248.75"
"200.2","2022-12-08"," 9:17:00 AM","2022-12-08"," 9:19:00 AM","PE","18550","Buy","25","40.20","32.15","","-201.25"
"201","2022-12-15"," 9:17:00 AM","2022-12-15"," 2:53:00 PM","","","","","","","12.76","4832.50"
"201.1","2022-12-15"," 9:17:00 AM","2022-12-15"," 9:21:00 AM","CE","18650","Buy","25","33.55","26.85","","-167.50"
"201.2","2022-12-15"," 9:17:00 AM","2022-12-15"," 2:53:00 PM","PE","18650","Buy","25","40.85","240.85","","5000.00"
"202","2022-12-22"," 9:17:00 AM","2022-12-22"," 9:21:00 AM","","","","","","","15.04","-572.50"
"202.1","2022-12-22"," 9:17:00 AM","2022-12-22"," 9:21:00 AM","CE","18250","Buy","25","69.45","55.55","","-347.50"
"202.2","2022-12-22"," 9:17:00 AM","2022-12-22"," 9:19:00 AM","PE","18250","Buy","25","44.95","35.95","","-225.00"
"203","2022-12-29"," 9:17:00 AM","2022-12-29"," 11:44:00 AM","","","","","","","15.62","-446.25"
"203.1","2022-12-29"," 9:17:00 AM","2022-12-29"," 9:21:00 AM","CE","18050","Buy","25","40.00","32.00","","-200.00"
"203.2","2022-12-29"," 9:17:00 AM","2022-12-29"," 11:44:00 AM","PE","18050","Buy","25","49.30","39.45","","-246.25"
"204","2023-01-05"," 9:17:00 AM","2023-01-05"," 9:28:00 AM","","","","","","","15.14","-517.50"
"204.1","2023-01-05"," 9:17:00 AM","2023-01-05"," 9:23:00 AM","CE","18050","Buy","25","57.30","45.85","","-286.25"
"204.2","2023-01-05"," 9:17:00 AM","2023-01-05"," 9:28:00 AM","PE","18050","Buy","25","45.60","36.35","","-231.25"
"205","2023-01-12"," 9:17:00 AM","2023-01-12"," 9:44:00 AM","","","","","","","15.47","-582.50"
"205.1","2023-01-12"," 9:17:00 AM","2023-01-12"," 9:44:00 AM","CE","17900","Buy","25","69.95","55.95","","-350.00"
"205.2","2023-01-12"," 9:17:00 AM","2023-01-12"," 9:34:00 AM","PE","17900","Buy","25","46.55","37.25","","-232.50"
"206","2023-01-19"," 9:17:00 AM","2023-01-19"," 11:00:00 AM","","","","","","","14.57","-470.00"
"206.1","2023-01-19"," 9:17:00 AM","2023-01-19"," 9:21:00 AM","CE","18150","Buy","25","33.55","26.85","","-167.50"
"206.2","2023-01-19"," 9:17:00 AM","2023-01-19"," 11:00:00 AM","PE","18150","Buy","25","60.40","48.30","","-302.50"
"207","2023-01-25"," 9:17:00 AM","2023-01-25"," 3:15:00 PM","","","","","","","13.93","2996.25"
"207.1","2023-01-25"," 9:17:00 AM","2023-01-25"," 9:21:00 AM","CE","18050","Buy","25","56.55","45.25","","-282.50"
"207.2","2023-01-25"," 9:17:00 AM","2023-01-25"," 3:15:00 PM","PE","18050","Buy","25","26.95","158.10","","3278.75"
"208","2023-02-02"," 9:17:00 AM","2023-02-02"," 9:24:00 AM","","","","","","","17.45","-860.00"
"208.1","2023-02-02"," 9:17:00 AM","2023-02-02"," 9:18:00 AM","CE","17500","Buy","25","81.20","64.95","","-406.25"
"208.2","2023-02-02"," 9:17:00 AM","2023-02-02"," 9:24:00 AM","PE","17500","Buy","25","90.70","72.55","","-453.75"
"209","2023-02-09"," 9:17:00 AM","2023-02-09"," 9:29:00 AM","","","","","","","13.76","-532.50"
"209.1","2023-02-09"," 9:17:00 AM","2023-02-09"," 9:29:00 AM","CE","17800","Buy","25","68.25","54.60","","-341.25"
"209.2","2023-02-09"," 9:17:00 AM","2023-02-09"," 9:18:00 AM","PE","17800","Buy","25","38.30","30.65","","-191.25"
"210","2023-02-16"," 9:17:00 AM","2023-02-16"," 10:31:00 AM","","","","","","","12.73","-376.25"
"210.1","2023-02-16"," 9:17:00 AM","2023-02-16"," 10:31:00 AM","CE","18100","Buy","25","35.75","28.60","","-178.75"
"210.2","2023-02-16"," 9:17:00 AM","2023-02-16"," 9:23:00 AM","PE","18100","Buy","25","39.45","31.55","","-197.50"
"211","2023-02-23"," 9:17:00 AM","2023-02-23"," 9:56:00 AM","","","","","","","15.51","-496.25"
"211.1","2023-02-23"," 9:17:00 AM","2023-02-23"," 9:24:00 AM","CE","17550","Buy","25","48.90","39.10","","-245.00"
"211.2","2023-02-23"," 9:17:00 AM","2023-02-23"," 9:56:00 AM","PE","17550","Buy","25","50.35","40.30","","-251.25"
"212","2023-03-02"," 9:17:00 AM","2023-03-02"," 3:15:00 PM","","","","","","","12.86","1675.00"
"212.1","2023-03-02"," 9:17:00 AM","2023-03-02"," 9:22:00 AM","CE","17450","Buy","25","35.05","27.65","","-185.00"
"212.2","2023-03-02"," 9:17:00 AM","2023-03-02"," 3:15:00 PM","PE","17450","Buy","25","49.65","124.05","","1860.00"
"213","2023-03-09"," 9:17:00 AM","2023-03-09"," 9:22:00 AM","","","","","","","12.54","-385.00"
"213.1","2023-03-09"," 9:17:00 AM","2023-03-09"," 9:22:00 AM","CE","17750","Buy","25","36.40","29.10","","-182.50"
"213.2","2023-03-09"," 9:17:00 AM","2023-03-09"," 9:20:00 AM","PE","17750","Buy","25","40.55","32.45","","-202.50"
"214","2023-03-16"," 9:17:00 AM","2023-03-16"," 9:28:00 AM","","","","","","","16.56","-560.00"
"214.1","2023-03-16"," 9:17:00 AM","2023-03-16"," 9:28:00 AM","CE","16950","Buy","25","51.90","41.50","","-260.00"
"214.2","2023-03-16"," 9:17:00 AM","2023-03-16"," 9:23:00 AM","PE","16950","Buy","25","60.00","48.00","","-300.00"
"215","2023-03-23"," 9:17:00 AM","2023-03-23"," 9:35:00 AM","","","","","","","15.04","-570.00"
"215.1","2023-03-23"," 9:17:00 AM","2023-03-23"," 9:26:00 AM","CE","17050","Buy","25","72.00","57.60","","-360.00"
"215.2","2023-03-23"," 9:17:00 AM","2023-03-23"," 9:35:00 AM","PE","17050","Buy","25","42.10","33.70","","-210.00"
"216","2023-03-29"," 9:17:00 AM","2023-03-29"," 9:40:00 AM","","","","","","","14.72","-461.25"
"216.1","2023-03-29"," 9:17:00 AM","2023-03-29"," 9:23:00 AM","CE","17000","Buy","25","50.00","40.00","","-250.00"
"216.2","2023-03-29"," 9:17:00 AM","2023-03-29"," 9:40:00 AM","PE","17000","Buy","25","42.25","33.80","","-211.25"
"217","2023-04-06"," 9:17:00 AM","2023-04-06"," 10:04:00 AM","","","","","","","12.47","-410.00"
"217.1","2023-04-06"," 9:17:00 AM","2023-04-06"," 9:19:00 AM","CE","17550","Buy","25","28.95","23.15","","-145.00"
"217.2","2023-04-06"," 9:17:00 AM","2023-04-06"," 10:04:00 AM","PE","17550","Buy","25","52.90","42.30","","-265.00"
"218","2023-04-13"," 9:17:00 AM","2023-04-13"," 9:24:00 AM","","","","","","","12.26","-387.50"
"218.1","2023-04-13"," 9:17:00 AM","2023-04-13"," 9:21:00 AM","CE","17800","Buy","25","35.35","28.30","","-176.25"
"218.2","2023-04-13"," 9:17:00 AM","2023-04-13"," 9:24:00 AM","PE","17800","Buy","25","42.30","33.85","","-211.25"
"219","2023-04-20"," 9:17:00 AM","2023-04-20"," 10:27:00 AM","","","","","","","12.21","-371.25"
"219.1","2023-04-20"," 9:17:00 AM","2023-04-20"," 10:27:00 AM","CE","17600","Buy","25","50.95","40.75","","-255.00"
"219.2","2023-04-20"," 9:17:00 AM","2023-04-20"," 9:19:00 AM","PE","17600","Buy","25","23.20","18.55","","-116.25"
"220","2023-04-27"," 9:17:00 AM","2023-04-27"," 3:15:00 PM","","","","","","","11.82","1676.25"
"220.1","2023-04-27"," 9:17:00 AM","2023-04-27"," 3:15:00 PM","CE","17800","Buy","25","42.25","115.00","","1818.75"
"220.2","2023-04-27"," 9:17:00 AM","2023-04-27"," 9:23:00 AM","PE","17800","Buy","25","28.55","22.85","","-142.50"
"221","2023-05-04"," 9:17:00 AM","2023-05-04"," 3:15:00 PM","","","","","","","11.89","2916.25"
"221.1","2023-05-04"," 9:17:00 AM","2023-05-04"," 3:15:00 PM","CE","18100","Buy","25","35.50","160.00","","3112.50"
"221.2","2023-05-04"," 9:17:00 AM","2023-05-04"," 9:24:00 AM","PE","18100","Buy","25","39.15","31.30","","-196.25"
"222","2023-05-11"," 9:17:00 AM","2023-05-11"," 10:40:00 AM","","","","","","","13.03","-378.75"
"222.1","2023-05-11"," 9:17:00 AM","2023-05-11"," 9:24:00 AM","CE","18350","Buy","25","33.75","27.00","","-168.75"
"222.2","2023-05-11"," 9:17:00 AM","2023-05-11"," 10:40:00 AM","PE","18350","Buy","25","42.00","33.60","","-210.00"
"223","2023-05-18"," 9:17:00 AM","2023-05-18"," 9:36:00 AM","","","","","","","12.73","-335.00"
"223.1","2023-05-18"," 9:17:00 AM","2023-05-18"," 9:36:00 AM","CE","18250","Buy","25","43.05","34.45","","-215.00"
"223.2","2023-05-18"," 9:17:00 AM","2023-05-18"," 9:21:00 AM","PE","18250","Buy","25","24.10","19.30","","-120.00"
"224","2023-05-25"," 9:17:00 AM","2023-05-25"," 9:31:00 AM","","","","","","","12.86","-381.25"
"224.1","2023-05-25"," 9:17:00 AM","2023-05-25"," 9:31:00 AM","CE","18250","Buy","25","46.60","37.30","","-232.50"
"224.2","2023-05-25"," 9:17:00 AM","2023-05-25"," 9:19:00 AM","PE","18250","Buy","25","29.80","23.85","","-148.75"
"225","2023-06-01"," 9:17:00 AM","2023-06-01"," 9:35:00 AM","","","","","","","11.75","-392.50"
"225.1","2023-06-01"," 9:17:00 AM","2023-06-01"," 9:26:00 AM","CE","18550","Buy","25","37.95","30.35","","-190.00"
"225.2","2023-06-01"," 9:17:00 AM","2023-06-01"," 9:35:00 AM","PE","18550","Buy","25","40.55","32.45","","-202.50"
"226","2023-06-08"," 9:17:00 AM","2023-06-08"," 11:43:00 AM","","","","","","","11.27","-342.50"
"226.1","2023-06-08"," 9:17:00 AM","2023-06-08"," 11:43:00 AM","CE","18750","Buy","25","27.65","22.10","","-138.75"
"226.2","2023-06-08"," 9:17:00 AM","2023-06-08"," 9:51:00 AM","PE","18750","Buy","25","40.65","32.50","","-203.75"
"227","2023-06-15"," 9:17:00 AM","2023-06-15"," 9:45:00 AM","","","","","","","11.18","-340.00"
"227.1","2023-06-15"," 9:17:00 AM","2023-06-15"," 9:24:00 AM","CE","18750","Buy","25","27.85","22.30","","-138.75"
"227.2","2023-06-15"," 9:17:00 AM","2023-06-15"," 9:45:00 AM","PE","18750","Buy","25","40.25","32.20","","-201.25"
"228","2023-06-22"," 9:17:00 AM","2023-06-22"," 9:24:00 AM","","","","","","","11.39","-372.50"
"228.1","2023-06-22"," 9:17:00 AM","2023-06-22"," 9:21:00 AM","CE","18850","Buy","25","34.55","27.65","","-172.50"
"228.2","2023-06-22"," 9:17:00 AM","2023-06-22"," 9:24:00 AM","PE","18850","Buy","25","40.00","32.00","","-200.00"
"229","2023-06-28"," 9:17:00 AM","2023-06-28"," 3:15:00 PM","","","","","","","10.79","1822.50"
"229.1","2023-06-28"," 9:17:00 AM","2023-06-28"," 3:15:00 PM","CE","18850","Buy","25","42.15","121.45","","1982.50"
"229.2","2023-06-28"," 9:17:00 AM","2023-06-28"," 9:31:00 AM","PE","18850","Buy","25","32.10","25.70","","-160.00"
"230","2023-07-06"," 9:17:00 AM","2023-07-06"," 3:15:00 PM","","","","","","","12.02","1301.25"
"230.1","2023-07-06"," 9:17:00 AM","2023-07-06"," 3:15:00 PM","CE","19400","Buy","25","40.75","103.50","","1568.75"
"230.2","2023-07-06"," 9:17:00 AM","2023-07-06"," 9:25:00 AM","PE","19400","Buy","25","53.45","42.75","","-267.50"
"231","2023-07-13"," 9:17:00 AM","2023-07-13"," 1:55:00 PM","","","","","","","10.77","-405.00"
"231.1","2023-07-13"," 9:17:00 AM","2023-07-13"," 1:55:00 PM","CE","19500","Buy","25","29.40","23.50","","-147.50"
"231.2","2023-07-13"," 9:17:00 AM","2023-07-13"," 9:23:00 AM","PE","19500","Buy","25","51.60","41.30","","-257.50"
"232","2023-07-20"," 9:17:00 AM","2023-07-20"," 10:28:00 AM","","","","","","","11.83","-465.00"
"232.1","2023-07-20"," 9:17:00 AM","2023-07-20"," 9:21:00 AM","CE","19800","Buy","25","55.40","44.30","","-277.50"
"232.2","2023-07-20"," 9:17:00 AM","2023-07-20"," 10:28:00 AM","PE","19800","Buy","25","37.40","29.90","","-187.50"
"233","2023-07-27"," 9:17:00 AM","2023-07-27"," 9:50:00 AM","","","","","","","10.41","-443.75"
"233.1","2023-07-27"," 9:17:00 AM","2023-07-27"," 9:50:00 AM","CE","19850","Buy","25","46.40","37.10","","-232.50"
"233.2","2023-07-27"," 9:17:00 AM","2023-07-27"," 9:39:00 AM","PE","19850","Buy","25","42.30","33.85","","-211.25"
"234","2023-08-03"," 9:17:00 AM","2023-08-03"," 12:15:00 PM","","","","","","","11.48","-483.75"
"234.1","2023-08-03"," 9:17:00 AM","2023-08-03"," 12:15:00 PM","CE","19450","Buy","25","44.25","35.40","","-221.25"
"234.2","2023-08-03"," 9:17:00 AM","2023-08-03"," 9:19:00 AM","PE","19450","Buy","25","52.50","42.00","","-262.50"
"235","2023-08-10"," 9:17:00 AM","2023-08-10"," 10:06:00 AM","","","","","","","11.46","-491.25"
"235.1","2023-08-10"," 9:17:00 AM","2023-08-10"," 9:19:00 AM","CE","19600","Buy","25","50.50","40.40","","-252.50"
"235.2","2023-08-10"," 9:17:00 AM","2023-08-10"," 10:06:00 AM","PE","19600","Buy","25","47.75","38.20","","-238.75"
"236","2023-08-17"," 9:17:00 AM","2023-08-17"," 3:15:00 PM","","","","","","","12.35","572.50"
"236.1","2023-08-17"," 9:17:00 AM","2023-08-17"," 9:27:00 AM","CE","19450","Buy","25","37.10","29.70","","-185.00"
"236.2","2023-08-17"," 9:17:00 AM","2023-08-17"," 3:15:00 PM","PE","19450","Buy","25","50.05","80.35","","757.50"
"237","2023-08-24"," 9:17:00 AM","2023-08-24"," 10:41:00 AM","","","","","","","11.01","-363.75"
"237.1","2023-08-24"," 9:17:00 AM","2023-08-24"," 10:41:00 AM","CE","19500","Buy","25","43.40","34.70","","-217.50"
"237.2","2023-08-24"," 9:17:00 AM","2023-08-24"," 9:19:00 AM","PE","19500","Buy","25","29.25","23.40","","-146.25"
"238","2023-08-31"," 9:17:00 AM","2023-08-31"," 9:49:00 AM","","","","","","","11.83","-400.00"
"238.1","2023-08-31"," 9:17:00 AM","2023-08-31"," 9:23:00 AM","CE","19400","Buy","25","18.50","14.80","","-92.50"
"238.2","2023-08-31"," 9:17:00 AM","2023-08-31"," 9:49:00 AM","PE","19400","Buy","25","61.60","49.30","","-307.50"
"239","2023-09-07"," 9:17:00 AM","2023-09-07"," 9:50:00 AM","","","","","","","10.71","-337.50"
"239.1","2023-09-07"," 9:17:00 AM","2023-09-07"," 9:23:00 AM","CE","19600","Buy","25","17.90","14.30","","-90.00"
"239.2","2023-09-07"," 9:17:00 AM","2023-09-07"," 9:50:00 AM","PE","19600","Buy","25","49.50","39.60","","-247.50"
"240","2023-09-14"," 9:17:00 AM","2023-09-14"," 9:39:00 AM","","","","","","","11.60","-431.25"
"240.1","2023-09-14"," 9:17:00 AM","2023-09-14"," 9:21:00 AM","CE","20150","Buy","25","31.80","25.45","","-158.75"
"240.2","2023-09-14"," 9:17:00 AM","2023-09-14"," 9:39:00 AM","PE","20150","Buy","25","54.40","43.50","","-272.50"
"241","2023-09-21"," 9:17:00 AM","2023-09-21"," 3:15:00 PM","","","","","","","11.16","1001.25"
"241.1","2023-09-21"," 9:17:00 AM","2023-09-21"," 9:24:00 AM","CE","19850","Buy","25","22.30","17.85","","-111.25"
"241.2","2023-09-21"," 9:17:00 AM","2023-09-21"," 3:15:00 PM","PE","19850","Buy","25","61.05","105.55","","1112.50"
"242","2023-09-28"," 9:17:00 AM","2023-09-28"," 3:15:00 PM","","","","","","","11.48","4477.50"
"242.1","2023-09-28"," 9:17:00 AM","2023-09-28"," 9:22:00 AM","CE","19750","Buy","25","30.50","24.40","","-152.50"
"242.2","2023-09-28"," 9:17:00 AM","2023-09-28"," 3:15:00 PM","PE","19750","Buy","25","53.35","238.55","","4630.00"
"243","2023-10-05"," 9:17:00 AM","2023-10-05"," 10:28:00 AM","","","","","","","11.32","-368.75"
"243.1","2023-10-05"," 9:17:00 AM","2023-10-05"," 10:28:00 AM","CE","19550","Buy","25","22.95","18.35","","-115.00"
"243.2","2023-10-05"," 9:17:00 AM","2023-10-05"," 9:25:00 AM","PE","19550","Buy","25","50.80","40.65","","-253.75"
"244","2023-10-12"," 9:17:00 AM","2023-10-12"," 3:15:00 PM","","","","","","","10.93","177.50"
"244.1","2023-10-12"," 9:17:00 AM","2023-10-12"," 9:23:00 AM","CE","19850","Buy","25","29.60","23.70","","-147.50"
"244.2","2023-10-12"," 9:17:00 AM","2023-10-12"," 3:15:00 PM","PE","19850","Buy","25","39.50","52.50","","325.00"
"245","2023-10-19"," 9:17:00 AM","2023-10-19"," 9:41:00 AM","","","","","","","11.16","-355.00"
"245.1","2023-10-19"," 9:17:00 AM","2023-10-19"," 9:35:00 AM","CE","19550","Buy","25","35.40","28.30","","-177.50"
"245.2","2023-10-19"," 9:17:00 AM","2023-10-19"," 9:41:00 AM","PE","19550","Buy","25","35.45","28.35","","-177.50"
"246","2023-10-26"," 9:17:00 AM","2023-10-26"," 3:15:00 PM","","","","","","","11.72","2097.50"
"246.1","2023-10-26"," 9:17:00 AM","2023-10-26"," 9:22:00 AM","CE","19000","Buy","25","55.40","44.30","","-277.50"
"246.2","2023-10-26"," 9:17:00 AM","2023-10-26"," 3:15:00 PM","PE","19000","Buy","25","48.55","143.55","","2375.00"
"247","2023-11-02"," 9:17:00 AM","2023-11-02"," 9:49:00 AM","","","","","","","11.30","-381.25"
"247.1","2023-11-02"," 9:17:00 AM","2023-11-02"," 9:49:00 AM","CE","19150","Buy","25","31.60","25.30","","-157.50"
"247.2","2023-11-02"," 9:17:00 AM","2023-11-02"," 9:23:00 AM","PE","19150","Buy","25","44.65","35.70","","-223.75"
"248","2023-11-09"," 9:17:00 AM","2023-11-09"," 9:51:00 AM","","","","","","","11.18","-348.75"
"248.1","2023-11-09"," 9:17:00 AM","2023-11-09"," 9:51:00 AM","CE","19400","Buy","25","43.60","34.90","","-217.50"
"248.2","2023-11-09"," 9:17:00 AM","2023-11-09"," 9:23:00 AM","PE","19400","Buy","25","26.30","21.05","","-131.25"
"249","2023-11-16"," 9:17:00 AM","2023-11-16"," 2:45:00 PM","","","","","","","11.34","4828.75"
"249.1","2023-11-16"," 9:17:00 AM","2023-11-16"," 2:45:00 PM","CE","19650","Buy","25","26.20","226.20","","5000.00"
"249.2","2023-11-16"," 9:17:00 AM","2023-11-16"," 9:29:00 AM","PE","19650","Buy","25","32.15","25.30","","-171.25"
"250","2023-11-23"," 9:17:00 AM","2023-11-23"," 9:47:00 AM","","","","","","","11.87","-313.75"
"250.1","2023-11-23"," 9:17:00 AM","2023-11-23"," 9:47:00 AM","CE","19850","Buy","25","32.40","25.90","","-162.50"
"250.2","2023-11-23"," 9:17:00 AM","2023-11-23"," 9:24:00 AM","PE","19850","Buy","25","30.25","24.20","","-151.25"
"251","2023-11-30"," 9:17:00 AM","2023-11-30"," 1:42:00 PM","","","","","","","12.61","-403.75"
"251.1","2023-11-30"," 9:17:00 AM","2023-11-30"," 9:36:00 AM","CE","20100","Buy","25","53.45","42.75","","-267.50"
"251.2","2023-11-30"," 9:17:00 AM","2023-11-30"," 1:42:00 PM","PE","20100","Buy","25","27.35","21.90","","-136.25"
"252","2023-12-07"," 9:17:00 AM","2023-12-07"," 9:38:00 AM","","","","","","","13.55","-432.50"
"252.1","2023-12-07"," 9:17:00 AM","2023-12-07"," 9:23:00 AM","CE","20900","Buy","25","31.35","25.10","","-156.25"
"252.2","2023-12-07"," 9:17:00 AM","2023-12-07"," 9:38:00 AM","PE","20900","Buy","25","55.15","44.10","","-276.25"
"253","2023-12-14"," 9:17:00 AM","2023-12-14"," 3:15:00 PM","","","","","","","11.84","691.25"
"253.1","2023-12-14"," 9:17:00 AM","2023-12-14"," 3:15:00 PM","CE","21100","Buy","25","34.15","69.75","","890.00"
"253.2","2023-12-14"," 9:17:00 AM","2023-12-14"," 9:20:00 AM","PE","21100","Buy","25","39.75","31.80","","-198.75"
"254","2023-12-21"," 9:17:00 AM","2023-12-21"," 9:32:00 AM","","","","","","","14.64","-700.00"
"254.1","2023-12-21"," 9:17:00 AM","2023-12-21"," 9:32:00 AM","CE","21050","Buy","25","49.00","39.20","","-245.00"
"254.2","2023-12-21"," 9:17:00 AM","2023-12-21"," 9:19:00 AM","PE","21050","Buy","25","91.05","72.85","","-455.00"
"255","2023-12-28"," 9:17:00 AM","2023-12-28"," 10:04:00 AM","","","","","","","15.73","-606.25"
"255.1","2023-12-28"," 9:17:00 AM","2023-12-28"," 10:04:00 AM","CE","21700","Buy","25","80.15","64.10","","-401.25"
"255.2","2023-12-28"," 9:17:00 AM","2023-12-28"," 9:43:00 AM","PE","21700","Buy","25","41.05","32.85","","-205.00"
"256","2024-01-04"," 9:17:00 AM","2024-01-04"," 3:15:00 PM","","","","","","","14.01","185.00"
"256.1","2024-01-04"," 9:17:00 AM","2024-01-04"," 3:15:00 PM","CE","21600","Buy","25","31.25","49.40","","453.75"
"256.2","2024-01-04"," 9:17:00 AM","2024-01-04"," 9:21:00 AM","PE","21600","Buy","25","53.65","42.90","","-268.75"
"257","2024-01-11"," 9:17:00 AM","2024-01-11"," 3:15:00 PM","","","","","","","12.93","228.75"
"257.1","2024-01-11"," 9:17:00 AM","2024-01-11"," 9:28:00 AM","CE","21700","Buy","25","44.50","35.60","","-222.50"
"257.2","2024-01-11"," 9:17:00 AM","2024-01-11"," 3:15:00 PM","PE","21700","Buy","25","36.00","54.05","","451.25"
"258","2024-01-18"," 9:17:00 AM","2024-01-18"," 9:32:00 AM","","","","","","","15.26","-636.25"
"258.1","2024-01-18"," 9:17:00 AM","2024-01-18"," 9:32:00 AM","CE","21400","Buy","25","73.05","58.45","","-365.00"
"258.2","2024-01-18"," 9:17:00 AM","2024-01-18"," 9:18:00 AM","PE","21400","Buy","25","54.35","43.50","","-271.25"
"259","2024-01-25"," 9:17:00 AM","2024-01-25"," 9:31:00 AM","","","","","","","14.43","-713.75"
"259.1","2024-01-25"," 9:17:00 AM","2024-01-25"," 9:24:00 AM","CE","21400","Buy","25","87.40","69.90","","-437.50"
"259.2","2024-01-25"," 9:17:00 AM","2024-01-25"," 9:31:00 AM","PE","21400","Buy","25","55.30","44.25","","-276.25"
"260","2024-02-01"," 9:17:00 AM","2024-02-01"," 9:43:00 AM","","","","","","","16.03","-1265.00"
"260.1","2024-02-01"," 9:17:00 AM","2024-02-01"," 9:25:00 AM","CE","21750","Buy","25","118.00","94.40","","-590.00"
"260.2","2024-02-01"," 9:17:00 AM","2024-02-01"," 9:43:00 AM","PE","21750","Buy","25","134.95","107.95","","-675.00"
"261","2024-02-08"," 9:17:00 AM","2024-02-08"," 11:05:00 AM","","","","","","","15.44","4696.25"
"261.1","2024-02-08"," 9:17:00 AM","2024-02-08"," 9:40:00 AM","CE","22000","Buy","25","60.65","48.50","","-303.75"
"261.2","2024-02-08"," 9:17:00 AM","2024-02-08"," 11:05:00 AM","PE","22000","Buy","25","55.65","255.65","","5000.00"
"262","2024-02-15"," 9:17:00 AM","2024-02-15"," 10:32:00 AM","","","","","","","15.21","-611.25"
"262.1","2024-02-15"," 9:17:00 AM","2024-02-15"," 9:21:00 AM","CE","21900","Buy","25","68.60","54.90","","-342.50"
"262.2","2024-02-15"," 9:17:00 AM","2024-02-15"," 10:32:00 AM","PE","21900","Buy","25","53.80","43.05","","-268.75"
"263","2024-02-22"," 9:17:00 AM","2024-02-22"," 1:48:00 PM","","","","","","","15.78","-618.75"
"263.1","2024-02-22"," 9:17:00 AM","2024-02-22"," 9:25:00 AM","CE","22050","Buy","25","63.65","50.90","","-318.75"
"263.2","2024-02-22"," 9:17:00 AM","2024-02-22"," 1:48:00 PM","PE","22050","Buy","25","59.90","47.90","","-300.00"
"264","2024-02-29"," 9:17:00 AM","2024-02-29"," 9:33:00 AM","","","","","","","16.28","-757.50"
"264.1","2024-02-29"," 9:17:00 AM","2024-02-29"," 9:23:00 AM","CE","21950","Buy","25","66.60","53.30","","-332.50"
"264.2","2024-02-29"," 9:17:00 AM","2024-02-29"," 9:33:00 AM","PE","21950","Buy","25","85.10","68.10","","-425.00"
"265","2024-03-07"," 9:17:00 AM","2024-03-07"," 9:34:00 AM","","","","","","","14.30","-576.25"
"265.1","2024-03-07"," 9:17:00 AM","2024-03-07"," 9:30:00 AM","CE","22500","Buy","25","55.25","44.20","","-276.25"
"265.2","2024-03-07"," 9:17:00 AM","2024-03-07"," 9:34:00 AM","PE","22500","Buy","25","59.95","47.95","","-300.00"
"266","2024-03-14"," 9:17:00 AM","2024-03-14"," 12:27:00 PM","","","","","","","14.67","4605.00"
"266.1","2024-03-14"," 9:17:00 AM","2024-03-14"," 12:27:00 PM","CE","21950","Buy","25","70.80","270.80","","5000.00"
"266.2","2024-03-14"," 9:17:00 AM","2024-03-14"," 9:25:00 AM","PE","21950","Buy","25","78.95","63.15","","-395.00"
"267","2024-03-21"," 9:17:00 AM","2024-03-21"," 9:29:00 AM","","","","","","","13.10","-542.50"
"267.1","2024-03-21"," 9:17:00 AM","2024-03-21"," 9:29:00 AM","CE","22000","Buy","25","50.35","40.30","","-251.25"
"267.2","2024-03-21"," 9:17:00 AM","2024-03-21"," 9:26:00 AM","PE","22000","Buy","25","58.25","46.60","","-291.25"
"268","2024-03-28"," 9:17:00 AM","2024-03-28"," 12:37:00 PM","","","","","","","12.71","4763.75"
"268.1","2024-03-28"," 9:17:00 AM","2024-03-28"," 12:37:00 PM","CE","22200","Buy","25","39.10","239.10","","5000.00"
"268.2","2024-03-28"," 9:17:00 AM","2024-03-28"," 9:27:00 AM","PE","22200","Buy","25","47.20","37.75","","-236.25"
"269","2024-04-04"," 9:17:00 AM","2024-04-04"," 10:53:00 AM","","","","","","","11.21","4825.00"
"269.1","2024-04-04"," 9:17:00 AM","2024-04-04"," 9:22:00 AM","CE","22600","Buy","25","35.05","28.05","","-175.00"
"269.2","2024-04-04"," 9:17:00 AM","2024-04-04"," 10:53:00 AM","PE","22600","Buy","25","73.75","273.75","","5000.00"
"270","2024-04-10"," 9:17:00 AM","2024-04-10"," 9:54:00 AM","","","","","","","11.29","-543.75"
"270.1","2024-04-10"," 9:17:00 AM","2024-04-10"," 9:54:00 AM","CE","22700","Buy","25","50.70","40.55","","-253.75"
"270.2","2024-04-10"," 9:17:00 AM","2024-04-10"," 9:31:00 AM","PE","22700","Buy","25","57.95","46.35","","-290.00"
"271","2024-04-18"," 9:17:00 AM","2024-04-18"," 9:31:00 AM","","","","","","","12.44","-468.75"
"271.1","2024-04-18"," 9:17:00 AM","2024-04-18"," 9:31:00 AM","CE","22250","Buy","25","42.15","33.70","","-211.25"
"271.2","2024-04-18"," 9:17:00 AM","2024-04-18"," 9:25:00 AM","PE","22250","Buy","25","51.40","41.10","","-257.50"
"272","2024-04-25"," 9:17:00 AM","2024-04-25"," 2:07:00 PM","","","","","","","10.52","4738.75"
"272.1","2024-04-25"," 9:17:00 AM","2024-04-25"," 2:07:00 PM","CE","22350","Buy","25","47.45","247.45","","5000.00"
"272.2","2024-04-25"," 9:17:00 AM","2024-04-25"," 9:36:00 AM","PE","22350","Buy","25","52.25","41.80","","-261.25"
"273","2024-05-02"," 9:17:00 AM","2024-05-02"," 9:25:00 AM","","","","","","","13.81","-695.00"
"273.1","2024-05-02"," 9:17:00 AM","2024-05-02"," 9:22:00 AM","CE","22650","Buy","25","81.65","65.30","","-408.75"
"273.2","2024-05-02"," 9:17:00 AM","2024-05-02"," 9:25:00 AM","PE","22650","Buy","25","57.35","45.90","","-286.25"
"274","2024-05-09"," 9:17:00 AM","2024-05-09"," 12:58:00 PM","","","","","","","17.36","4662.50"
"274.1","2024-05-09"," 9:17:00 AM","2024-05-09"," 9:23:00 AM","CE","22300","Buy","25","67.45","53.95","","-337.50"
"274.2","2024-05-09"," 9:17:00 AM","2024-05-09"," 12:58:00 PM","PE","22300","Buy","25","68.70","268.70","","5000.00"
"275","2024-05-16"," 9:17:00 AM","2024-05-16"," 12:16:00 PM","","","","","","","20.28","-595.00"
"275.1","2024-05-16"," 9:17:00 AM","2024-05-16"," 9:35:00 AM","CE","22300","Buy","25","49.00","39.20","","-245.00"
"275.2","2024-05-16"," 9:17:00 AM","2024-05-16"," 12:16:00 PM","PE","22300","Buy","25","70.00","56.00","","-350.00"
"276","2024-05-23"," 9:17:00 AM","2024-05-23"," 2:07:00 PM","","","","","","","21.64","4701.25"
"276.1","2024-05-23"," 9:17:00 AM","2024-05-23"," 2:07:00 PM","CE","22600","Buy","25","73.60","273.60","","5000.00"
"276.2","2024-05-23"," 9:17:00 AM","2024-05-23"," 9:37:00 AM","PE","22600","Buy","25","59.70","47.75","","-298.75"
"277","2024-05-30"," 9:17:00 AM","2024-05-30"," 3:15:00 PM","","","","","","","24.21","1966.25"
"277.1","2024-05-30"," 9:17:00 AM","2024-05-30"," 9:38:00 AM","CE","22650","Buy","25","70.80","56.65","","-353.75"
"277.2","2024-05-30"," 9:17:00 AM","2024-05-30"," 3:15:00 PM","PE","22650","Buy","25","76.55","169.35","","2320.00"
"278","2024-06-06"," 9:17:00 AM","2024-06-06"," 9:35:00 AM","","","","","","","17.27","-1247.50"
"278.1","2024-06-06"," 9:17:00 AM","2024-06-06"," 9:21:00 AM","CE","22750","Buy","25","110.00","88.00","","-550.00"
"278.2","2024-06-06"," 9:17:00 AM","2024-06-06"," 9:35:00 AM","PE","22750","Buy","25","139.45","111.55","","-697.50"
"279","2024-06-13"," 9:17:00 AM","2024-06-13"," 11:54:00 AM","","","","","","","14.21","-631.25"
"279.1","2024-06-13"," 9:17:00 AM","2024-06-13"," 9:30:00 AM","CE","23450","Buy","25","52.60","42.10","","-262.50"
"279.2","2024-06-13"," 9:17:00 AM","2024-06-13"," 11:54:00 AM","PE","23450","Buy","25","73.75","59.00","","-368.75"
"280","2024-06-20"," 9:17:00 AM","2024-06-20"," 10:47:00 AM","","","","","","","13.79","-702.50"
"280.1","2024-06-20"," 9:17:00 AM","2024-06-20"," 9:21:00 AM","CE","23550","Buy","25","60.30","48.25","","-301.25"
"280.2","2024-06-20"," 9:17:00 AM","2024-06-20"," 10:47:00 AM","PE","23550","Buy","25","80.35","64.30","","-401.25"
"281","2024-06-27"," 9:17:00 AM","2024-06-27"," 3:15:00 PM","","","","","","","14.16","2887.50"
"281.1","2024-06-27"," 9:17:00 AM","2024-06-27"," 3:15:00 PM","CE","23850","Buy","25","55.65","189.00","","3333.75"
"281.2","2024-06-27"," 9:17:00 AM","2024-06-27"," 9:24:00 AM","PE","23850","Buy","25","89.25","71.40","","-446.25"
"282","2024-07-04"," 9:17:00 AM","2024-07-04"," 9:41:00 AM","","","","","","","13.04","-610.00"
"282.1","2024-07-04"," 9:17:00 AM","2024-07-04"," 9:41:00 AM","CE","24350","Buy","25","55.55","44.45","","-277.50"
"282.2","2024-07-04"," 9:17:00 AM","2024-07-04"," 9:26:00 AM","PE","24350","Buy","25","66.45","53.15","","-332.50"
"283","2024-07-11"," 9:17:00 AM","2024-07-11"," 10:06:00 AM","","","","","","","14.29","-525.00"
"283.1","2024-07-11"," 9:17:00 AM","2024-07-11"," 9:21:00 AM","CE","24350","Buy","25","59.75","47.80","","-298.75"
"283.2","2024-07-11"," 9:17:00 AM","2024-07-11"," 10:06:00 AM","PE","24350","Buy","25","45.15","36.10","","-226.25"
"284","2024-07-18"," 9:17:00 AM","2024-07-18"," 9:45:00 AM","","","","","","","14.41","-571.25"
"284.1","2024-07-18"," 9:17:00 AM","2024-07-18"," 9:19:00 AM","CE","24600","Buy","25","51.10","40.90","","-255.00"
"284.2","2024-07-18"," 9:17:00 AM","2024-07-18"," 9:45:00 AM","PE","24600","Buy","25","63.15","50.50","","-316.25"
"285","2024-07-25"," 9:17:00 AM","2024-07-25"," 9:24:00 AM","","","","","","","12.14","-792.50"
"285.1","2024-07-25"," 9:17:00 AM","2024-07-25"," 9:22:00 AM","CE","24250","Buy","25","61.60","49.30","","-307.50"
"285.2","2024-07-25"," 9:17:00 AM","2024-07-25"," 9:24:00 AM","PE","24250","Buy","25","97.00","77.60","","-485.00"
"286","2024-08-01"," 9:17:00 AM","2024-08-01"," 9:39:00 AM","","","","","","","13.28","-686.25"
"286.1","2024-08-01"," 9:17:00 AM","2024-08-01"," 9:39:00 AM","CE","25050","Buy","25","63.40","50.70","","-317.50"
"286.2","2024-08-01"," 9:17:00 AM","2024-08-01"," 9:20:00 AM","PE","25050","Buy","25","73.70","58.95","","-368.75"
"287","2024-08-08"," 9:17:00 AM","2024-08-08"," 12:14:00 PM","","","","","","","16.48","-816.25"
"287.1","2024-08-08"," 9:17:00 AM","2024-08-08"," 10:08:00 AM","CE","24250","Buy","25","76.85","61.50","","-383.75"
"287.2","2024-08-08"," 9:17:00 AM","2024-08-08"," 12:14:00 PM","PE","24250","Buy","25","86.45","69.15","","-432.50"
"288","2024-08-14"," 9:17:00 AM","2024-08-14"," 9:45:00 AM","","","","","","","16.12","-663.75"
"288.1","2024-08-14"," 9:17:00 AM","2024-08-14"," 9:27:00 AM","CE","24150","Buy","25","66.60","53.30","","-332.50"
"288.2","2024-08-14"," 9:17:00 AM","2024-08-14"," 9:45:00 AM","PE","24150","Buy","25","66.20","52.95","","-331.25"
"289","2024-08-22"," 9:17:00 AM","2024-08-22"," 9:31:00 AM","","","","","","","13.31","-523.75"
"289.1","2024-08-22"," 9:17:00 AM","2024-08-22"," 9:21:00 AM","CE","24850","Buy","25","37.30","29.85","","-186.25"
"289.2","2024-08-22"," 9:17:00 AM","2024-08-22"," 9:31:00 AM","PE","24850","Buy","25","67.60","54.10","","-337.50"
"290","2024-08-29"," 9:17:00 AM","2024-08-29"," 2:22:00 PM","","","","","","","13.95","-517.50"
"290.1","2024-08-29"," 9:17:00 AM","2024-08-29"," 2:22:00 PM","CE","25050","Buy","25","40.65","32.50","","-203.75"
"290.2","2024-08-29"," 9:17:00 AM","2024-08-29"," 9:26:00 AM","PE","25050","Buy","25","62.70","50.15","","-313.75"
"291","2024-09-05"," 9:17:00 AM","2024-09-05"," 3:15:00 PM","","","","","","","13.98","833.75"
"291.1","2024-09-05"," 9:17:00 AM","2024-09-05"," 9:36:00 AM","CE","25250","Buy","25","45.00","36.00","","-225.00"
"291.2","2024-09-05"," 9:17:00 AM","2024-09-05"," 3:15:00 PM","PE","25250","Buy","25","58.75","101.10","","1058.75"
"292","2024-09-12"," 9:17:00 AM","2024-09-12"," 9:22:00 AM","","","","","","","13.06","-586.25"
"292.1","2024-09-12"," 9:17:00 AM","2024-09-12"," 9:20:00 AM","CE","25050","Buy","25","42.00","33.60","","-210.00"
"292.2","2024-09-12"," 9:17:00 AM","2024-09-12"," 9:22:00 AM","PE","25050","Buy","25","75.15","60.10","","-376.25"
"293","2024-09-19"," 9:17:00 AM","2024-09-19"," 9:54:00 AM","","","","","","","12.55","-633.75"
"293.1","2024-09-19"," 9:17:00 AM","2024-09-19"," 9:54:00 AM","CE","25550","Buy","25","55.70","44.55","","-278.75"
"293.2","2024-09-19"," 9:17:00 AM","2024-09-19"," 9:20:00 AM","PE","25550","Buy","25","71.10","56.90","","-355.00"